FirstCardRank,SecondCardRank,suited,players,winEquity,drawEquity
2,2,false,2,0.48862,0.0113798
2,2,false,3,0.293651,0.00453515
2,2,false,4,0.219251,0.00534759
2,2,false,5,0.185784,0.000807754
2,2,false,6,0.153333,0.00181818
2,2,false,7,0.15874,0
2,2,false,8,0.159449,0
3,3,false,2,0.528873,0.00672166
3,3,false,3,0.337618,0.00385604
3,3,false,4,0.236785,0.00323625
3,3,false,5,0.199433,0.00283286
3,3,false,6,0.171633,0.00417163
3,3,false,7,0.147002,0.00128949
3,3,false,8,0.136299,0
4,4,false,2,0.571656,0.00796178
4,4,false,3,0.374578,0.00295608
4,4,false,4,0.279548,0.0020555
4,4,false,5,0.196169,0.00174115
4,4,false,6,0.171717,0.00189394
4,4,false,7,0.151358,0.000646831
4,4,false,8,0.133758,0.000707714
5,5,false,2,0.585417,0.00416667
5,5,false,3,0.391208,0.00399645
5,5,false,4,0.263669,0.000510986
5,5,false,5,0.231722,0.00557621
5,5,false,6,0.177665,0.00126904
5,5,false,7,0.173577,0.00210822
5,5,false,8,0.143377,0.000727802
6,6,false,2,0.634395,0.00402103
6,6,false,3,0.420958,0.00179131
6,6,false,4,0.303571,0.00105042
6,6,false,5,0.258184,0.001853
6,6,false,6,0.190891,0.00401875
6,6,false,7,0.172786,0.00143988
6,6,false,8,0.158742,0
7,7,false,2,0.66777,0.00361119
7,7,false,3,0.445976,0.00444642
7,7,false,4,0.352683,0.00109529
7,7,false,5,0.266032,0.00126984
7,7,false,6,0.218878,0
7,7,false,7,0.178232,0.00219138
7,7,false,8,0.162328,0
8,8,false,2,0.704616,0.00249532
8,8,false,3,0.484701,0.00221729
8,8,false,4,0.399301,0
8,8,false,5,0.291107,0.00127959
8,8,false,6,0.241947,0
8,8,false,7,0.190045,0
8,8,false,8,0.171084,0.000803213
9,9,false,2,0.724791,0.00124108
9,9,false,3,0.536073,0.00273973
9,9,false,4,0.400114,0.00228964
9,9,false,5,0.324531,0.00138985
9,9,false,6,0.275573,0.00152672
9,9,false,7,0.218501,0.000797448
9,9,false,8,0.215247,0
10,10,false,2,0.751145,0.000305344
10,10,false,3,0.580299,0.000466853
10,10,false,4,0.463599,0.000582411
10,10,false,5,0.372794,0.000735294
10,10,false,6,0.305921,0.00164474
10,10,false,7,0.247292,0
10,10,false,8,0.227358,0.000943396
J,J,false,2,0.781361,0.00096743
J,J,false,3,0.609235,0.000496524
J,J,false,4,0.493433,0.000625391
J,J,false,5,0.402502,0.00220751
J,J,false,6,0.338926,0.00251678
J,J,false,7,0.293468,0.000919963
J,J,false,8,0.247363,0
Q,Q,false,2,0.79833,0.00061862
Q,Q,false,3,0.657741,0.00194742
Q,Q,false,4,0.539909,0.000648929
Q,Q,false,5,0.484512,0
Q,Q,false,6,0.39001,0.00288184
Q,Q,false,7,0.330144,0
Q,Q,false,8,0.299376,0
K,K,false,2,0.830946,0
K,K,false,3,0.715702,0.00156495
K,K,false,4,0.583168,0.00198807
K,K,false,5,0.520668,0.000794913
K,K,false,6,0.445455,0
K,K,false,7,0.36961,0
K,K,false,8,0.332972,0.0010846
A,A,false,2,0.861007,0.000310945
A,A,false,3,0.762154,0.00104548
A,A,false,4,0.654557,0.00198151
A,A,false,5,0.597682,0
A,A,false,6,0.513807,0
A,A,false,7,0.480392,0.00108932
A,A,false,8,0.394767,0.00113766
2,3,true,2,0.309868,0.0460526
3,2,true,2,0.309868,0.0460526
2,3,true,3,0.220393,0.0268968
3,2,true,3,0.220393,0.0268968
2,3,true,4,0.162033,0.0139022
3,2,true,4,0.162033,0.0139022
2,3,true,5,0.126607,0.0113749
3,2,true,5,0.126607,0.0113749
2,3,true,6,0.117617,0.00712831
3,2,true,6,0.117617,0.00712831
2,3,true,7,0.111726,0.00884956
3,2,true,7,0.111726,0.00884956
2,3,true,8,0.1052,0.0101614
3,2,true,8,0.1052,0.0101614
2,4,true,2,0.331226,0.0417193
4,2,true,2,0.331226,0.0417193
2,4,true,3,0.210858,0.0188828
4,2,true,3,0.210858,0.0188828
2,4,true,4,0.164062,0.0160846
4,2,true,4,0.164062,0.0160846
2,4,true,5,0.141809,0.0112469
4,2,true,5,0.141809,0.0112469
2,4,true,6,0.11157,0.00774793
4,2,true,6,0.11157,0.00774793
2,4,true,7,0.104784,0.00968109
4,2,true,7,0.104784,0.00968109
2,4,true,8,0.0994734,0.00819193
4,2,true,8,0.0994734,0.00819193
2,5,true,2,0.32799,0.0442449
5,2,true,2,0.32799,0.0442449
2,5,true,3,0.232517,0.0240385
5,2,true,3,0.232517,0.0240385
2,5,true,4,0.169098,0.0214221
5,2,true,4,0.169098,0.0214221
2,5,true,5,0.138658,0.0146987
5,2,true,5,0.138658,0.0146987
2,5,true,6,0.135456,0.012952
5,2,true,6,0.135456,0.012952
2,5,true,7,0.113274,0.0147493
5,2,true,7,0.113274,0.0147493
2,5,true,8,0.0915856,0.00801374
5,2,true,8,0.0915856,0.00801374
2,6,true,2,0.351292,0.0441084
6,2,true,2,0.351292,0.0441084
2,6,true,3,0.239032,0.0184502
6,2,true,3,0.239032,0.0184502
2,6,true,4,0.185339,0.0193638
6,2,true,4,0.185339,0.0193638
2,6,true,5,0.137809,0.0111055
6,2,true,5,0.137809,0.0111055
2,6,true,6,0.119419,0.0129102
6,2,true,6,0.119419,0.0129102
2,6,true,7,0.117579,0.0132565
6,2,true,7,0.117579,0.0132565
2,6,true,8,0.0896675,0.00890736
6,2,true,8,0.0896675,0.00890736
2,7,true,2,0.370171,0.0406449
7,2,true,2,0.370171,0.0406449
2,7,true,3,0.240885,0.0282671
7,2,true,3,0.240885,0.0282671
2,7,true,4,0.173309,0.0180723
7,2,true,4,0.173309,0.0180723
2,7,true,5,0.146674,0.0163577
7,2,true,5,0.146674,0.0163577
2,7,true,6,0.118093,0.0119177
7,2,true,6,0.118093,0.0119177
2,7,true,7,0.11276,0.00830861
7,2,true,7,0.11276,0.00830861
2,7,true,8,0.0964567,0.00787402
7,2,true,8,0.0964567,0.00787402
2,8,true,2,0.366442,0.0408229
8,2,true,2,0.366442,0.0408229
2,8,true,3,0.235723,0.0214662
8,2,true,3,0.235723,0.0214662
2,8,true,4,0.19188,0.0217496
8,2,true,4,0.19188,0.0217496
2,8,true,5,0.141476,0.0127226
8,2,true,5,0.141476,0.0127226
2,8,true,6,0.119337,0.0154696
8,2,true,6,0.119337,0.0154696
2,8,true,7,0.108455,0.0104956
8,2,true,7,0.108455,0.0104956
2,8,true,8,0.0967742,0.0116129
8,2,true,8,0.0967742,0.0116129
2,9,true,2,0.40103,0.0312198
9,2,true,2,0.40103,0.0312198
2,9,true,3,0.246161,0.0215007
9,2,true,3,0.246161,0.0215007
2,9,true,4,0.188906,0.0184908
9,2,true,4,0.188906,0.0184908
2,9,true,5,0.1518,0.010433
9,2,true,5,0.1518,0.010433
2,9,true,6,0.134615,0.0110723
9,2,true,6,0.134615,0.0110723
2,9,true,7,0.114734,0.00845411
9,2,true,7,0.114734,0.00845411
2,9,true,8,0.100804,0.0142239
9,2,true,8,0.100804,0.0142239
2,10,true,2,0.419729,0.0344939
10,2,true,2,0.419729,0.0344939
2,10,true,3,0.267279,0.0258093
10,2,true,3,0.267279,0.0258093
2,10,true,4,0.193659,0.0180488
10,2,true,4,0.193659,0.0180488
2,10,true,5,0.161718,0.0201485
10,2,true,5,0.161718,0.0201485
2,10,true,6,0.131046,0.0140607
10,2,true,6,0.131046,0.0140607
2,10,true,7,0.119852,0.0147511
10,2,true,7,0.119852,0.0147511
2,10,true,8,0.113409,0.012008
10,2,true,8,0.113409,0.012008
2,J,true,2,0.465425,0.0312599
J,2,true,2,0.465425,0.0312599
2,J,true,3,0.300174,0.0199826
J,2,true,3,0.300174,0.0199826
2,J,true,4,0.19469,0.0162242
J,2,true,4,0.19469,0.0162242
2,J,true,5,0.166485,0.0174672
J,2,true,5,0.166485,0.0174672
2,J,true,6,0.14327,0.0184864
J,2,true,6,0.14327,0.0184864
2,J,true,7,0.124922,0.0111871
J,2,true,7,0.124922,0.0111871
2,J,true,8,0.114424,0.0110957
J,2,true,8,0.114424,0.0110957
2,Q,true,2,0.480836,0.0272411
Q,2,true,2,0.480836,0.0272411
2,Q,true,3,0.327496,0.0214536
Q,2,true,3,0.327496,0.0214536
2,Q,true,4,0.24,0.0197468
Q,2,true,4,0.24,0.0197468
2,Q,true,5,0.195122,0.0164634
Q,2,true,5,0.195122,0.0164634
2,Q,true,6,0.154769,0.0157928
Q,2,true,6,0.154769,0.0157928
2,Q,true,7,0.130575,0.0168067
Q,2,true,7,0.130575,0.0168067
2,Q,true,8,0.132581,0.0119887
Q,2,true,8,0.132581,0.0119887
2,K,true,2,0.531808,0.0316515
K,2,true,2,0.531808,0.0316515
2,K,true,3,0.343505,0.027027
K,2,true,3,0.343505,0.027027
2,K,true,4,0.246561,0.0243386
K,2,true,4,0.246561,0.0243386
2,K,true,5,0.205023,0.0128505
K,2,true,5,0.205023,0.0128505
2,K,true,6,0.168682,0.0146404
K,2,true,6,0.168682,0.0146404
2,K,true,7,0.147157,0.0180602
K,2,true,7,0.147157,0.0180602
2,K,true,8,0.134043,0.00921986
K,2,true,8,0.134043,0.00921986
2,A,true,2,0.558966,0.0300485
A,2,true,2,0.558966,0.0300485
2,A,true,3,0.372302,0.0319245
A,2,true,3,0.372302,0.0319245
2,A,true,4,0.262208,0.0286624
A,2,true,4,0.262208,0.0286624
2,A,true,5,0.220958,0.0203593
A,2,true,5,0.220958,0.0203593
2,A,true,6,0.187248,0.0187919
A,2,true,6,0.187248,0.0187919
2,A,true,7,0.179191,0.0166185
A,2,true,7,0.179191,0.0166185
2,A,true,8,0.140173,0.015896
A,2,true,8,0.140173,0.015896
3,4,true,2,0.340486,0.0438624
4,3,true,2,0.340486,0.0438624
3,4,true,3,0.23665,0.0186084
4,3,true,3,0.23665,0.0186084
3,4,true,4,0.185315,0.022977
4,3,true,4,0.185315,0.022977
3,4,true,5,0.146102,0.0149716
4,3,true,5,0.146102,0.0149716
3,4,true,6,0.118893,0.0103149
4,3,true,6,0.118893,0.0103149
3,4,true,7,0.117889,0.0105572
4,3,true,7,0.117889,0.0105572
3,4,true,8,0.105996,0.0145366
4,3,true,8,0.105996,0.0145366
3,5,true,2,0.349398,0.0472416
5,3,true,2,0.349398,0.0472416
3,5,true,3,0.242312,0.0246002
5,3,true,3,0.242312,0.0246002
3,5,true,4,0.182367,0.0204176
5,3,true,4,0.182367,0.0204176
3,5,true,5,0.149466,0.0132181
5,3,true,5,0.149466,0.0132181
3,5,true,6,0.119111,0.00794071
5,3,true,6,0.119111,0.00794071
3,5,true,7,0.103508,0.0120759
5,3,true,7,0.103508,0.0120759
3,5,true,8,0.0879601,0.0118528
5,3,true,8,0.0879601,0.0118528
3,6,true,2,0.354644,0.043257
6,3,true,2,0.354644,0.043257
3,6,true,3,0.254561,0.0190713
6,3,true,3,0.254561,0.0190713
3,6,true,4,0.188433,0.0172575
6,3,true,4,0.188433,0.0172575
3,6,true,5,0.15034,0.0136197
6,3,true,5,0.15034,0.0136197
3,6,true,6,0.145319,0.0103389
6,3,true,6,0.145319,0.0103389
3,6,true,7,0.125852,0.0130192
6,3,true,7,0.125852,0.0130192
3,6,true,8,0.128016,0.0080429
6,3,true,8,0.128016,0.0080429
3,7,true,2,0.380483,0.0390973
7,3,true,2,0.380483,0.0390973
3,7,true,3,0.244266,0.0241449
7,3,true,3,0.244266,0.0241449
3,7,true,4,0.18522,0.0194221
7,3,true,4,0.18522,0.0194221
3,7,true,5,0.149307,0.0153925
7,3,true,5,0.149307,0.0153925
3,7,true,6,0.148086,0.0135135
7,3,true,6,0.148086,0.0135135
3,7,true,7,0.109806,0.01468
7,3,true,7,0.109806,0.01468
3,7,true,8,0.122093,0.0135659
7,3,true,8,0.122093,0.0135659
3,8,true,2,0.382239,0.0415058
8,3,true,2,0.382239,0.0415058
3,8,true,3,0.236917,0.0178499
8,3,true,3,0.236917,0.0178499
3,8,true,4,0.194431,0.0177628
8,3,true,4,0.194431,0.0177628
3,8,true,5,0.153292,0.0123457
8,3,true,5,0.153292,0.0123457
3,8,true,6,0.121858,0.0114754
8,3,true,6,0.121858,0.0114754
3,8,true,7,0.117647,0.0120048
8,3,true,7,0.117647,0.0120048
3,8,true,8,0.0916409,0.00804954
8,3,true,8,0.0916409,0.00804954
3,9,true,2,0.39,0.0412903
9,3,true,2,0.39,0.0412903
3,9,true,3,0.257386,0.0210441
9,3,true,3,0.257386,0.0210441
3,9,true,4,0.191089,0.0227723
9,3,true,4,0.191089,0.0227723
3,9,true,5,0.158122,0.019428
9,3,true,5,0.158122,0.019428
3,9,true,6,0.119682,0.0141804
9,3,true,6,0.119682,0.0141804
3,9,true,7,0.11621,0.0107271
9,3,true,7,0.11621,0.0107271
3,9,true,8,0.0898533,0.0110024
9,3,true,8,0.0898533,0.0110024
3,10,true,2,0.443746,0.0363382
10,3,true,2,0.443746,0.0363382
3,10,true,3,0.271245,0.0266094
10,3,true,3,0.271245,0.0266094
3,10,true,4,0.192107,0.0233
10,3,true,4,0.192107,0.0233
3,10,true,5,0.173819,0.0190114
10,3,true,5,0.173819,0.0190114
3,10,true,6,0.144643,0.0142857
10,3,true,6,0.144643,0.0142857
3,10,true,7,0.121951,0.0134146
10,3,true,7,0.121951,0.0134146
3,10,true,8,0.107987,0.00702875
10,3,true,8,0.107987,0.00702875
3,J,true,2,0.45434,0.03485
J,3,true,2,0.45434,0.03485
3,J,true,3,0.30285,0.031476
J,3,true,3,0.30285,0.031476
3,J,true,4,0.212209,0.0188953
J,3,true,4,0.212209,0.0188953
3,J,true,5,0.16951,0.0170576
J,3,true,5,0.16951,0.0170576
3,J,true,6,0.15592,0.014068
J,3,true,6,0.15592,0.014068
3,J,true,7,0.130051,0.0170455
J,3,true,7,0.130051,0.0170455
3,J,true,8,0.102317,0.011583
J,3,true,8,0.102317,0.011583
3,Q,true,2,0.475572,0.0341647
Q,3,true,2,0.475572,0.0341647
3,Q,true,3,0.32579,0.0260461
Q,3,true,3,0.32579,0.0260461
3,Q,true,4,0.22556,0.0290224
Q,3,true,4,0.22556,0.0290224
3,Q,true,5,0.193345,0.0143431
Q,3,true,5,0.193345,0.0143431
3,Q,true,6,0.151106,0.014742
Q,3,true,6,0.151106,0.014742
3,Q,true,7,0.143836,0.0191781
Q,3,true,7,0.143836,0.0191781
3,Q,true,8,0.0990502,0.0115332
Q,3,true,8,0.0990502,0.0115332
3,K,true,2,0.538151,0.0265546
K,3,true,2,0.538151,0.0265546
3,K,true,3,0.333182,0.0268182
K,3,true,3,0.333182,0.0268182
3,K,true,4,0.258457,0.0280127
K,3,true,4,0.258457,0.0280127
3,K,true,5,0.205238,0.0140073
K,3,true,5,0.205238,0.0140073
3,K,true,6,0.178804,0.0195059
K,3,true,6,0.178804,0.0195059
3,K,true,7,0.133603,0.0107962
K,3,true,7,0.133603,0.0107962
3,K,true,8,0.121877,0.00984103
K,3,true,8,0.121877,0.00984103
3,A,true,2,0.564439,0.0236649
A,3,true,2,0.564439,0.0236649
3,A,true,3,0.387821,0.0270147
A,3,true,3,0.387821,0.0270147
3,A,true,4,0.26753,0.0264293
A,3,true,4,0.26753,0.0264293
3,A,true,5,0.230817,0.0160891
A,3,true,5,0.230817,0.0160891
3,A,true,6,0.177043,0.0246433
A,3,true,6,0.177043,0.0246433
3,A,true,7,0.170801,0.0127569
A,3,true,7,0.170801,0.0127569
3,A,true,8,0.138508,0.0228311
A,3,true,8,0.138508,0.0228311
4,5,true,2,0.353239,0.0432859
5,4,true,2,0.353239,0.0432859
4,5,true,3,0.256263,0.0258727
5,4,true,3,0.256263,0.0258727
4,5,true,4,0.195767,0.017316
5,4,true,4,0.195767,0.017316
4,5,true,5,0.158765,0.0137817
5,4,true,5,0.158765,0.0137817
4,5,true,6,0.140625,0.0133102
5,4,true,6,0.140625,0.0133102
4,5,true,7,0.110656,0.0122951
5,4,true,7,0.110656,0.0122951
4,5,true,8,0.133863,0.0125911
5,4,true,8,0.133863,0.0125911
4,6,true,2,0.393949,0.0423567
6,4,true,2,0.393949,0.0423567
4,6,true,3,0.26506,0.0228055
6,4,true,3,0.26506,0.0228055
4,6,true,4,0.20783,0.0169164
6,4,true,4,0.20783,0.0169164
4,6,true,5,0.165618,0.0136268
6,4,true,5,0.165618,0.0136268
4,6,true,6,0.161385,0.0146714
6,4,true,6,0.161385,0.0146714
4,6,true,7,0.126165,0.0136731
6,4,true,7,0.126165,0.0136731
4,6,true,8,0.112219,0.0124688
6,4,true,8,0.112219,0.0124688
4,7,true,2,0.371874,0.0448197
7,4,true,2,0.371874,0.0448197
4,7,true,3,0.263439,0.0217481
7,4,true,3,0.263439,0.0217481
4,7,true,4,0.20604,0.016074
7,4,true,4,0.20604,0.016074
4,7,true,5,0.157081,0.0160792
7,4,true,5,0.157081,0.0160792
4,7,true,6,0.122056,0.0135617
7,4,true,6,0.122056,0.0135617
4,7,true,7,0.121212,0.00688705
7,4,true,7,0.121212,0.00688705
4,7,true,8,0.116438,0.00747198
7,4,true,8,0.116438,0.00747198
4,8,true,2,0.391989,0.0446487
8,4,true,2,0.391989,0.0446487
4,8,true,3,0.257413,0.0318006
8,4,true,3,0.257413,0.0318006
4,8,true,4,0.197307,0.0204271
8,4,true,4,0.197307,0.0204271
4,8,true,5,0.1721,0.0187066
8,4,true,5,0.1721,0.0187066
4,8,true,6,0.133038,0.0160754
8,4,true,6,0.133038,0.0160754
4,8,true,7,0.127829,0.0116208
8,4,true,7,0.127829,0.0116208
4,8,true,8,0.11175,0.0121328
8,4,true,8,0.11175,0.0121328
4,9,true,2,0.410089,0.0425532
9,4,true,2,0.410089,0.0425532
4,9,true,3,0.27303,0.0279283
9,4,true,3,0.27303,0.0279283
4,9,true,4,0.2,0.0152745
9,4,true,4,0.2,0.0152745
4,9,true,5,0.154258,0.0144617
9,4,true,5,0.154258,0.0144617
4,9,true,6,0.132121,0.0109091
9,4,true,6,0.132121,0.0109091
4,9,true,7,0.115316,0.0106446
9,4,true,7,0.115316,0.0106446
4,9,true,8,0.106128,0.0113708
9,4,true,8,0.106128,0.0113708
4,10,true,2,0.449057,0.0295597
10,4,true,2,0.449057,0.0295597
4,10,true,3,0.2889,0.01926
10,4,true,3,0.2889,0.01926
4,10,true,4,0.207278,0.0152954
10,4,true,4,0.207278,0.0152954
4,10,true,5,0.182757,0.0206436
10,4,true,5,0.182757,0.0206436
4,10,true,6,0.143032,0.00794621
10,4,true,6,0.143032,0.00794621
4,10,true,7,0.126962,0.00750853
10,4,true,7,0.126962,0.00750853
4,10,true,8,0.12672,0.0144823
10,4,true,8,0.12672,0.0144823
4,J,true,2,0.462261,0.0325394
J,4,true,2,0.462261,0.0325394
4,J,true,3,0.306036,0.0274377
J,4,true,3,0.306036,0.0274377
4,J,true,4,0.221608,0.0226131
J,4,true,4,0.221608,0.0226131
4,J,true,5,0.189503,0.0149171
J,4,true,5,0.189503,0.0149171
4,J,true,6,0.136661,0.0136661
J,4,true,6,0.136661,0.0136661
4,J,true,7,0.12927,0.0167448
J,4,true,7,0.12927,0.0167448
4,J,true,8,0.105544,0.0153641
J,4,true,8,0.105544,0.0153641
4,Q,true,2,0.496528,0.0366162
Q,4,true,2,0.496528,0.0366162
4,Q,true,3,0.344298,0.0315789
Q,4,true,3,0.344298,0.0315789
4,Q,true,4,0.246104,0.0268673
Q,4,true,4,0.246104,0.0268673
4,Q,true,5,0.200827,0.0206734
Q,4,true,5,0.200827,0.0206734
4,Q,true,6,0.148282,0.0168776
Q,4,true,6,0.148282,0.0168776
4,Q,true,7,0.147973,0.0168919
Q,4,true,7,0.147973,0.0168919
4,Q,true,8,0.116279,0.0170999
Q,4,true,8,0.116279,0.0170999
4,K,true,2,0.545047,0.0339853
K,4,true,2,0.545047,0.0339853
4,K,true,3,0.34355,0.0315645
K,4,true,3,0.34355,0.0315645
4,K,true,4,0.246583,0.0262438
K,4,true,4,0.246583,0.0262438
4,K,true,5,0.213105,0.0141677
K,4,true,5,0.213105,0.0141677
4,K,true,6,0.183099,0.0140845
K,4,true,6,0.183099,0.0140845
4,K,true,7,0.147897,0.00881954
K,4,true,7,0.147897,0.00881954
4,K,true,8,0.133813,0.00647482
K,4,true,8,0.133813,0.00647482
4,A,true,2,0.569399,0.0270985
A,4,true,2,0.569399,0.0270985
4,A,true,3,0.381603,0.0223133
A,4,true,3,0.381603,0.0223133
4,A,true,4,0.297503,0.0200869
A,4,true,4,0.297503,0.0200869
4,A,true,5,0.233518,0.0295749
A,4,true,5,0.233518,0.0295749
4,A,true,6,0.209413,0.0163711
A,4,true,6,0.209413,0.0163711
4,A,true,7,0.179286,0.0171429
A,4,true,7,0.179286,0.0171429
4,A,true,8,0.148747,0.0137429
A,4,true,8,0.148747,0.0137429
5,6,true,2,0.376914,0.0451999
6,5,true,2,0.376914,0.0451999
5,6,true,3,0.273771,0.0275609
6,5,true,3,0.273771,0.0275609
5,6,true,4,0.205912,0.0190381
6,5,true,4,0.205912,0.0190381
5,6,true,5,0.179443,0.0187394
6,5,true,5,0.179443,0.0187394
5,6,true,6,0.169777,0.00782661
6,5,true,6,0.169777,0.00782661
5,6,true,7,0.127829,0.0103976
6,5,true,7,0.127829,0.0103976
5,6,true,8,0.121212,0.00875421
6,5,true,8,0.121212,0.00875421
5,7,true,2,0.395289,0.0467893
7,5,true,2,0.395289,0.0467893
5,7,true,3,0.308168,0.0264026
7,5,true,3,0.308168,0.0264026
5,7,true,4,0.216386,0.0163855
7,5,true,4,0.216386,0.0163855
5,7,true,5,0.183796,0.011963
7,5,true,5,0.183796,0.011963
5,7,true,6,0.142691,0.0133411
7,5,true,6,0.142691,0.0133411
5,7,true,7,0.134915,0.00813559
7,5,true,7,0.134915,0.00813559
5,7,true,8,0.129357,0.0100536
7,5,true,8,0.129357,0.0100536
5,8,true,2,0.420249,0.0392523
8,5,true,2,0.420249,0.0392523
5,8,true,3,0.288107,0.0238693
8,5,true,3,0.288107,0.0238693
5,8,true,4,0.228846,0.0158654
8,5,true,4,0.228846,0.0158654
5,8,true,5,0.16908,0.0124095
8,5,true,5,0.16908,0.0124095
5,8,true,6,0.144903,0.0137457
8,5,true,6,0.144903,0.0137457
5,8,true,7,0.137046,0.0156446
8,5,true,7,0.137046,0.0156446
5,8,true,8,0.110418,0.00810979
8,5,true,8,0.110418,0.00810979
5,9,true,2,0.423065,0.0375987
9,5,true,2,0.423065,0.0375987
5,9,true,3,0.286372,0.0253223
9,5,true,3,0.286372,0.0253223
5,9,true,4,0.207376,0.0219134
9,5,true,4,0.207376,0.0219134
5,9,true,5,0.174018,0.0193353
9,5,true,5,0.174018,0.0193353
5,9,true,6,0.132976,0.00954085
9,5,true,6,0.132976,0.00954085
5,9,true,7,0.129757,0.0112289
9,5,true,7,0.129757,0.0112289
5,9,true,8,0.126591,0.00736772
9,5,true,8,0.126591,0.00736772
5,10,true,2,0.444122,0.0354267
10,5,true,2,0.444122,0.0354267
5,10,true,3,0.282581,0.0227752
10,5,true,3,0.282581,0.0227752
5,10,true,4,0.215764,0.0167488
10,5,true,4,0.215764,0.0167488
5,10,true,5,0.169165,0.0203426
10,5,true,5,0.169165,0.0203426
5,10,true,6,0.149201,0.0213144
10,5,true,6,0.149201,0.0213144
5,10,true,7,0.119091,0.0135052
10,5,true,7,0.119091,0.0135052
5,10,true,8,0.117176,0.0167394
10,5,true,8,0.117176,0.0167394
5,J,true,2,0.473518,0.0318411
J,5,true,2,0.473518,0.0318411
5,J,true,3,0.306707,0.0230671
J,5,true,3,0.306707,0.0230671
5,J,true,4,0.232856,0.0214944
J,5,true,4,0.232856,0.0214944
5,J,true,5,0.169738,0.0206589
J,5,true,5,0.169738,0.0206589
5,J,true,6,0.163177,0.0141626
J,5,true,6,0.163177,0.0141626
5,J,true,7,0.145599,0.0145599
J,5,true,7,0.145599,0.0145599
5,J,true,8,0.114103,0.0141743
J,5,true,8,0.114103,0.0141743
5,Q,true,2,0.505328,0.0316435
Q,5,true,2,0.505328,0.0316435
5,Q,true,3,0.327434,0.0287611
Q,5,true,3,0.327434,0.0287611
5,Q,true,4,0.243838,0.024646
Q,5,true,4,0.243838,0.024646
5,Q,true,5,0.1875,0.0182783
Q,5,true,5,0.1875,0.0182783
5,Q,true,6,0.158236,0.0149157
Q,5,true,6,0.158236,0.0149157
5,Q,true,7,0.140931,0.0141605
Q,5,true,7,0.140931,0.0141605
5,Q,true,8,0.151448,0.0126206
Q,5,true,8,0.151448,0.0126206
5,K,true,2,0.553379,0.028077
K,5,true,2,0.553379,0.028077
5,K,true,3,0.355186,0.0296363
K,5,true,3,0.355186,0.0296363
5,K,true,4,0.266029,0.023622
K,5,true,4,0.266029,0.023622
5,K,true,5,0.203195,0.0153355
K,5,true,5,0.203195,0.0153355
5,K,true,6,0.176024,0.0212443
K,5,true,6,0.176024,0.0212443
5,K,true,7,0.175439,0.0100251
K,5,true,7,0.175439,0.0100251
5,K,true,8,0.134873,0.0126677
K,5,true,8,0.134873,0.0126677
5,A,true,2,0.581701,0.0288925
A,5,true,2,0.581701,0.0288925
5,A,true,3,0.402733,0.0246014
A,5,true,3,0.402733,0.0246014
5,A,true,4,0.297872,0.0234588
A,5,true,4,0.297872,0.0234588
5,A,true,5,0.242902,0.0208202
A,5,true,5,0.242902,0.0208202
5,A,true,6,0.199864,0.0231924
A,5,true,6,0.199864,0.0231924
5,A,true,7,0.184546,0.0135034
A,5,true,7,0.184546,0.0135034
5,A,true,8,0.158453,0.0090978
A,5,true,8,0.158453,0.0090978
6,7,true,2,0.404861,0.0476495
7,6,true,2,0.404861,0.0476495
6,7,true,3,0.288213,0.0216576
7,6,true,3,0.288213,0.0216576
6,7,true,4,0.221577,0.0179003
7,6,true,4,0.221577,0.0179003
6,7,true,5,0.195965,0.0167147
7,6,true,5,0.195965,0.0167147
6,7,true,6,0.150775,0.0101311
7,6,true,6,0.150775,0.0101311
6,7,true,7,0.130181,0.00712435
7,6,true,7,0.130181,0.00712435
6,7,true,8,0.128434,0.00686813
7,6,true,8,0.128434,0.00686813
6,8,true,2,0.428301,0.0381343
8,6,true,2,0.428301,0.0381343
6,8,true,3,0.285833,0.0294973
8,6,true,3,0.285833,0.0294973
6,8,true,4,0.24226,0.0152334
8,6,true,4,0.24226,0.0152334
6,8,true,5,0.181969,0.017146
8,6,true,5,0.181969,0.017146
6,8,true,6,0.16962,0.0126582
8,6,true,6,0.16962,0.0126582
6,8,true,7,0.154435,0.0108488
8,6,true,7,0.154435,0.0108488
6,8,true,8,0.117182,0.0138249
8,6,true,8,0.117182,0.0138249
6,9,true,2,0.445043,0.0357935
9,6,true,2,0.445043,0.0357935
6,9,true,3,0.305932,0.020339
9,6,true,3,0.305932,0.020339
6,9,true,4,0.236829,0.0175615
9,6,true,4,0.236829,0.0175615
6,9,true,5,0.175556,0.0144444
9,6,true,5,0.175556,0.0144444
6,9,true,6,0.152414,0.00930774
9,6,true,6,0.152414,0.00930774
6,9,true,7,0.149495,0.00740741
9,6,true,7,0.149495,0.00740741
6,9,true,8,0.114428,0.0156361
9,6,true,8,0.114428,0.0156361
6,10,true,2,0.453896,0.0343102
10,6,true,2,0.453896,0.0343102
6,10,true,3,0.311751,0.0233813
10,6,true,3,0.311751,0.0233813
6,10,true,4,0.239594,0.0137056
10,6,true,4,0.239594,0.0137056
6,10,true,5,0.178295,0.0149871
10,6,true,5,0.178295,0.0149871
6,10,true,6,0.1644,0.0123609
10,6,true,6,0.1644,0.0123609
6,10,true,7,0.128205,0.0125224
10,6,true,7,0.128205,0.0125224
6,10,true,8,0.117939,0.0204842
10,6,true,8,0.117939,0.0204842
6,J,true,2,0.4754,0.0291121
J,6,true,2,0.4754,0.0291121
6,J,true,3,0.310739,0.0249081
J,6,true,3,0.310739,0.0249081
6,J,true,4,0.231417,0.0201029
J,6,true,4,0.231417,0.0201029
6,J,true,5,0.190923,0.0146062
J,6,true,5,0.190923,0.0146062
6,J,true,6,0.167808,0.0194064
J,6,true,6,0.167808,0.0194064
6,J,true,7,0.144444,0.0117284
J,6,true,7,0.144444,0.0117284
6,J,true,8,0.108057,0.0187383
J,6,true,8,0.108057,0.0187383
6,Q,true,2,0.511086,0.0227469
Q,6,true,2,0.511086,0.0227469
6,Q,true,3,0.3482,0.0229133
Q,6,true,3,0.3482,0.0229133
6,Q,true,4,0.25371,0.0210627
Q,6,true,4,0.25371,0.0210627
6,Q,true,5,0.197558,0.0138735
Q,6,true,5,0.197558,0.0138735
6,Q,true,6,0.166477,0.0159635
Q,6,true,6,0.166477,0.0159635
6,Q,true,7,0.170159,0.0146032
Q,6,true,7,0.170159,0.0146032
6,Q,true,8,0.13264,0.00910273
Q,6,true,8,0.13264,0.00910273
6,K,true,2,0.551477,0.0223814
K,6,true,2,0.551477,0.0223814
6,K,true,3,0.36972,0.0242576
K,6,true,3,0.36972,0.0242576
6,K,true,4,0.275475,0.0273038
K,6,true,4,0.275475,0.0273038
6,K,true,5,0.220451,0.0219901
K,6,true,5,0.220451,0.0219901
6,K,true,6,0.17301,0.0126874
K,6,true,6,0.17301,0.0126874
6,K,true,7,0.172816,0.0135922
K,6,true,7,0.172816,0.0135922
6,K,true,8,0.154321,0.015775
K,6,true,8,0.154321,0.015775
6,A,true,2,0.593705,0.0240343
A,6,true,2,0.593705,0.0240343
6,A,true,3,0.387055,0.0252893
A,6,true,3,0.387055,0.0252893
6,A,true,4,0.320087,0.022319
A,6,true,4,0.320087,0.022319
6,A,true,5,0.261049,0.0194461
A,6,true,5,0.261049,0.0194461
6,A,true,6,0.216981,0.0138365
A,6,true,6,0.216981,0.0138365
6,A,true,7,0.201129,0.0169372
A,6,true,7,0.201129,0.0169372
6,A,true,8,0.163186,0.025522
A,6,true,8,0.163186,0.025522
7,8,true,2,0.443045,0.0351391
8,7,true,2,0.443045,0.0351391
7,8,true,3,0.311836,0.0271333
8,7,true,3,0.311836,0.0271333
7,8,true,4,0.236939,0.0142071
8,7,true,4,0.236939,0.0142071
7,8,true,5,0.196517,0.0119403
8,7,true,5,0.196517,0.0119403
7,8,true,6,0.181972,0.0107042
8,7,true,6,0.181972,0.0107042
7,8,true,7,0.153031,0.0129488
8,7,true,7,0.153031,0.0129488
7,8,true,8,0.123609,0.0105068
8,7,true,8,0.123609,0.0105068
7,9,true,2,0.470147,0.0282665
9,7,true,2,0.470147,0.0282665
7,9,true,3,0.31403,0.0225418
9,7,true,3,0.31403,0.0225418
7,9,true,4,0.25,0.0193727
9,7,true,4,0.25,0.0193727
7,9,true,5,0.195887,0.0102828
9,7,true,5,0.195887,0.0102828
7,9,true,6,0.157057,0.0192202
9,7,true,6,0.157057,0.0192202
7,9,true,7,0.144464,0.0142096
9,7,true,7,0.144464,0.0142096
7,9,true,8,0.123596,0.0131086
9,7,true,8,0.123596,0.0131086
7,10,true,2,0.468677,0.0316125
10,7,true,2,0.468677,0.0316125
7,10,true,3,0.332017,0.0209238
10,7,true,3,0.332017,0.0209238
7,10,true,4,0.253759,0.0159453
10,7,true,4,0.253759,0.0159453
7,10,true,5,0.195504,0.00993204
10,7,true,5,0.195504,0.00993204
7,10,true,6,0.171801,0.014218
10,7,true,6,0.171801,0.014218
7,10,true,7,0.157454,0.0142379
10,7,true,7,0.157454,0.0142379
7,10,true,8,0.140833,0.0175
10,7,true,8,0.140833,0.0175
7,J,true,2,0.499824,0.0285916
J,7,true,2,0.499824,0.0285916
7,J,true,3,0.348002,0.0214244
J,7,true,3,0.348002,0.0214244
7,J,true,4,0.254079,0.0180653
J,7,true,4,0.254079,0.0180653
7,J,true,5,0.227017,0.0237649
J,7,true,5,0.227017,0.0237649
7,J,true,6,0.189882,0.0203679
J,7,true,6,0.189882,0.0203679
7,J,true,7,0.149828,0.0185567
J,7,true,7,0.149828,0.0185567
7,J,true,8,0.132417,0.015919
J,7,true,8,0.132417,0.015919
7,Q,true,2,0.535526,0.0273026
Q,7,true,2,0.535526,0.0273026
7,Q,true,3,0.348194,0.0213999
Q,7,true,3,0.348194,0.0213999
7,Q,true,4,0.274364,0.0238347
Q,7,true,4,0.274364,0.0238347
7,Q,true,5,0.207514,0.0219653
Q,7,true,5,0.207514,0.0219653
7,Q,true,6,0.175284,0.0138714
Q,7,true,6,0.175284,0.0138714
7,Q,true,7,0.167394,0.0152838
Q,7,true,7,0.167394,0.0152838
7,Q,true,8,0.139552,0.0151844
Q,7,true,8,0.139552,0.0151844
7,K,true,2,0.572951,0.0253165
K,7,true,2,0.572951,0.0253165
7,K,true,3,0.383266,0.0247413
K,7,true,3,0.383266,0.0247413
7,K,true,4,0.278171,0.0212303
K,7,true,4,0.278171,0.0212303
7,K,true,5,0.219424,0.013789
K,7,true,5,0.219424,0.013789
7,K,true,6,0.190728,0.0198676
K,7,true,6,0.190728,0.0198676
7,K,true,7,0.175072,0.0122478
K,7,true,7,0.175072,0.0122478
7,K,true,8,0.143271,0.0173661
K,7,true,8,0.143271,0.0173661
7,A,true,2,0.602139,0.0220842
A,7,true,2,0.602139,0.0220842
7,A,true,3,0.429849,0.0277778
A,7,true,3,0.429849,0.0277778
7,A,true,4,0.344235,0.0210643
A,7,true,4,0.344235,0.0210643
7,A,true,5,0.243948,0.0223464
A,7,true,5,0.243948,0.0223464
7,A,true,6,0.214728,0.0192705
A,7,true,6,0.214728,0.0192705
7,A,true,7,0.188776,0.0153061
A,7,true,7,0.188776,0.0153061
7,A,true,8,0.166275,0.0141176
A,7,true,8,0.166275,0.0141176
8,9,true,2,0.468543,0.0322479
9,8,true,2,0.468543,0.0322479
8,9,true,3,0.337569,0.0207539
9,8,true,3,0.337569,0.0207539
8,9,true,4,0.248963,0.0197095
9,8,true,4,0.248963,0.0197095
8,9,true,5,0.241888,0.0176991
9,8,true,5,0.241888,0.0176991
8,9,true,6,0.184804,0.00901481
9,8,true,6,0.184804,0.00901481
8,9,true,7,0.178779,0.0101744
9,8,true,7,0.178779,0.0101744
8,9,true,8,0.127106,0.0122511
9,8,true,8,0.127106,0.0122511
8,10,true,2,0.483671,0.0323318
10,8,true,2,0.483671,0.0323318
8,10,true,3,0.345639,0.0212275
10,8,true,3,0.345639,0.0212275
8,10,true,4,0.265501,0.0153683
10,8,true,4,0.265501,0.0153683
8,10,true,5,0.211928,0.0191083
10,8,true,5,0.211928,0.0191083
8,10,true,6,0.187975,0.014557
10,8,true,6,0.187975,0.014557
8,10,true,7,0.154754,0.0117974
10,8,true,7,0.154754,0.0117974
8,10,true,8,0.146953,0.0114695
10,8,true,8,0.146953,0.0114695
8,J,true,2,0.507477,0.0273624
J,8,true,2,0.507477,0.0273624
8,J,true,3,0.352448,0.0233789
J,8,true,3,0.352448,0.0233789
8,J,true,4,0.271605,0.0169753
J,8,true,4,0.271605,0.0169753
8,J,true,5,0.218213,0.0160367
J,8,true,5,0.218213,0.0160367
8,J,true,6,0.185019,0.0185659
J,8,true,6,0.185019,0.0185659
8,J,true,7,0.160741,0.0133333
J,8,true,7,0.160741,0.0133333
8,J,true,8,0.145185,0.0185185
J,8,true,8,0.145185,0.0185185
8,Q,true,2,0.540256,0.0246006
Q,8,true,2,0.540256,0.0246006
8,Q,true,3,0.374887,0.0231188
Q,8,true,3,0.374887,0.0231188
8,Q,true,4,0.27037,0.0153439
Q,8,true,4,0.27037,0.0153439
8,Q,true,5,0.217598,0.0160523
Q,8,true,5,0.217598,0.0160523
8,Q,true,6,0.21501,0.0114943
Q,8,true,6,0.21501,0.0114943
8,Q,true,7,0.164963,0.0149966
Q,8,true,7,0.164963,0.0149966
8,Q,true,8,0.14178,0.0105581
Q,8,true,8,0.14178,0.0105581
8,K,true,2,0.589179,0.0210758
K,8,true,2,0.589179,0.0210758
8,K,true,3,0.400541,0.0189445
K,8,true,3,0.400541,0.0189445
8,K,true,4,0.297706,0.0167879
K,8,true,4,0.297706,0.0167879
8,K,true,5,0.263862,0.0229446
K,8,true,5,0.263862,0.0229446
8,K,true,6,0.223538,0.014624
K,8,true,6,0.223538,0.014624
8,K,true,7,0.185294,0.00808824
K,8,true,7,0.185294,0.00808824
8,K,true,8,0.148936,0.00987842
K,8,true,8,0.148936,0.00987842
8,A,true,2,0.613562,0.0230415
A,8,true,2,0.613562,0.0230415
8,A,true,3,0.426778,0.0245816
A,8,true,3,0.426778,0.0245816
8,A,true,4,0.328125,0.0179687
A,8,true,4,0.328125,0.0179687
8,A,true,5,0.295309,0.00852878
A,8,true,5,0.295309,0.00852878
8,A,true,6,0.23341,0.020595
A,8,true,6,0.23341,0.020595
8,A,true,7,0.18509,0.0179949
A,8,true,7,0.18509,0.0179949
8,A,true,8,0.189501,0.00768246
A,8,true,8,0.189501,0.00768246
9,10,true,2,0.516162,0.024628
10,9,true,2,0.516162,0.024628
9,10,true,3,0.359807,0.0269337
10,9,true,3,0.359807,0.0269337
9,10,true,4,0.283856,0.0260138
10,9,true,4,0.283856,0.0260138
9,10,true,5,0.225234,0.011215
10,9,true,5,0.225234,0.011215
9,10,true,6,0.222445,0.0190381
10,9,true,6,0.222445,0.0190381
9,10,true,7,0.173913,0.0159067
10,9,true,7,0.173913,0.0159067
9,10,true,8,0.147154,0.0150376
10,9,true,8,0.147154,0.0150376
9,J,true,2,0.538649,0.0184735
J,9,true,2,0.538649,0.0184735
9,J,true,3,0.372727,0.024026
J,9,true,3,0.372727,0.024026
9,J,true,4,0.290071,0.0168722
J,9,true,4,0.290071,0.0168722
9,J,true,5,0.228932,0.00729927
J,9,true,5,0.228932,0.00729927
9,J,true,6,0.205619,0.0121328
J,9,true,6,0.205619,0.0121328
9,J,true,7,0.181818,0.00953079
J,9,true,7,0.181818,0.00953079
9,J,true,8,0.168539,0.0176565
J,9,true,8,0.168539,0.0176565
9,Q,true,2,0.552168,0.0194846
Q,9,true,2,0.552168,0.0194846
9,Q,true,3,0.408889,0.0177778
Q,9,true,3,0.408889,0.0177778
9,Q,true,4,0.302782,0.0174577
Q,9,true,4,0.302782,0.0174577
9,Q,true,5,0.241955,0.0154703
Q,9,true,5,0.241955,0.0154703
9,Q,true,6,0.211876,0.0128205
Q,9,true,6,0.211876,0.0128205
9,Q,true,7,0.191101,0.00948213
Q,9,true,7,0.191101,0.00948213
9,Q,true,8,0.159453,0.00759301
Q,9,true,8,0.159453,0.00759301
9,K,true,2,0.57429,0.0170284
K,9,true,2,0.57429,0.0170284
9,K,true,3,0.408444,0.0118596
K,9,true,3,0.408444,0.0118596
9,K,true,4,0.319246,0.0177042
K,9,true,4,0.319246,0.0177042
9,K,true,5,0.24532,0.0154939
K,9,true,5,0.24532,0.0154939
9,K,true,6,0.223032,0.00947522
K,9,true,6,0.223032,0.00947522
9,K,true,7,0.198543,0.0136612
K,9,true,7,0.198543,0.0136612
9,K,true,8,0.181214,0.0124688
K,9,true,8,0.181214,0.0124688
9,A,true,2,0.614952,0.0168707
A,9,true,2,0.614952,0.0168707
9,A,true,3,0.418562,0.0191083
A,9,true,3,0.418562,0.0191083
9,A,true,4,0.34431,0.0161756
A,9,true,4,0.34431,0.0161756
9,A,true,5,0.272319,0.0166988
A,9,true,5,0.272319,0.0166988
9,A,true,6,0.256675,0.0129199
A,9,true,6,0.256675,0.0129199
9,A,true,7,0.203883,0.00794351
A,9,true,7,0.203883,0.00794351
9,A,true,8,0.190083,0.0107438
A,9,true,8,0.190083,0.0107438
10,J,true,2,0.545279,0.0183044
J,10,true,2,0.545279,0.0183044
10,J,true,3,0.393443,0.0181657
J,10,true,3,0.393443,0.0181657
10,J,true,4,0.311062,0.0202629
J,10,true,4,0.311062,0.0202629
10,J,true,5,0.256898,0.0183936
J,10,true,5,0.256898,0.0183936
10,J,true,6,0.201329,0.0186047
J,10,true,6,0.201329,0.0186047
10,J,true,7,0.199566,0.0144613
J,10,true,7,0.199566,0.0144613
10,J,true,8,0.169003,0.0116822
J,10,true,8,0.169003,0.0116822
10,Q,true,2,0.574605,0.0177248
Q,10,true,2,0.574605,0.0177248
10,Q,true,3,0.409617,0.0164737
Q,10,true,3,0.409617,0.0164737
10,Q,true,4,0.338317,0.0188261
Q,10,true,4,0.338317,0.0188261
10,Q,true,5,0.247266,0.0133657
Q,10,true,5,0.247266,0.0133657
10,Q,true,6,0.237964,0.0110041
Q,10,true,6,0.237964,0.0110041
10,Q,true,7,0.203276,0.00967982
Q,10,true,7,0.203276,0.00967982
10,Q,true,8,0.189542,0.00898693
Q,10,true,8,0.189542,0.00898693
10,K,true,2,0.607729,0.0154589
K,10,true,2,0.607729,0.0154589
10,K,true,3,0.438028,0.0201878
K,10,true,3,0.438028,0.0201878
10,K,true,4,0.364918,0.0157924
K,10,true,4,0.364918,0.0157924
10,K,true,5,0.289149,0.0168941
K,10,true,5,0.289149,0.0168941
10,K,true,6,0.256894,0.0145138
K,10,true,6,0.256894,0.0145138
10,K,true,7,0.20586,0.0100231
K,10,true,7,0.20586,0.0100231
10,K,true,8,0.182125,0.0126476
K,10,true,8,0.182125,0.0126476
10,A,true,2,0.644833,0.0130366
A,10,true,2,0.644833,0.0130366
10,A,true,3,0.460442,0.0124195
A,10,true,3,0.460442,0.0124195
10,A,true,4,0.378904,0.0212139
A,10,true,4,0.378904,0.0212139
10,A,true,5,0.290705,0.0151615
A,10,true,5,0.290705,0.0151615
10,A,true,6,0.260086,0.0100865
A,10,true,6,0.260086,0.0100865
10,A,true,7,0.236145,0.0120482
A,10,true,7,0.236145,0.0120482
10,A,true,8,0.210392,0.011925
A,10,true,8,0.210392,0.011925
J,Q,true,2,0.600457,0.0205815
Q,J,true,2,0.600457,0.0205815
J,Q,true,3,0.40464,0.0185615
Q,J,true,3,0.40464,0.0185615
J,Q,true,4,0.324725,0.0181319
Q,J,true,4,0.324725,0.0181319
J,Q,true,5,0.27249,0.0130378
Q,J,true,5,0.27249,0.0130378
J,Q,true,6,0.22,0.0103448
Q,J,true,6,0.22,0.0103448
J,Q,true,7,0.194611,0.0157186
Q,J,true,7,0.194611,0.0157186
J,Q,true,8,0.192704,0.00951626
Q,J,true,8,0.192704,0.00951626
J,K,true,2,0.616421,0.0112251
K,J,true,2,0.616421,0.0112251
J,K,true,3,0.427012,0.0122783
K,J,true,3,0.427012,0.0122783
J,K,true,4,0.347501,0.0137852
K,J,true,4,0.347501,0.0137852
J,K,true,5,0.298201,0.0160668
K,J,true,5,0.298201,0.0160668
J,K,true,6,0.245626,0.00909727
K,J,true,6,0.245626,0.00909727
J,K,true,7,0.220365,0.0106383
K,J,true,7,0.220365,0.0106383
J,K,true,8,0.199497,0.0100587
K,J,true,8,0.199497,0.0100587
J,A,true,2,0.641923,0.0124264
A,J,true,2,0.641923,0.0124264
J,A,true,3,0.467727,0.0109091
A,J,true,3,0.467727,0.0109091
J,A,true,4,0.36758,0.0171233
A,J,true,4,0.36758,0.0171233
J,A,true,5,0.317554,0.00854701
A,J,true,5,0.317554,0.00854701
J,A,true,6,0.248394,0.0192719
A,J,true,6,0.248394,0.0192719
J,A,true,7,0.22381,0.015873
A,J,true,7,0.22381,0.015873
J,A,true,8,0.198454,0.00859107
A,J,true,8,0.198454,0.00859107
Q,K,true,2,0.635153,0.0136452
K,Q,true,2,0.635153,0.0136452
Q,K,true,3,0.472294,0.0170896
K,Q,true,3,0.472294,0.0170896
Q,K,true,4,0.351136,0.0147727
K,Q,true,4,0.351136,0.0147727
Q,K,true,5,0.303209,0.0157171
K,Q,true,5,0.303209,0.0157171
Q,K,true,6,0.266952,0.0114204
K,Q,true,6,0.266952,0.0114204
Q,K,true,7,0.238284,0.00873709
K,Q,true,7,0.238284,0.00873709
Q,K,true,8,0.213073,0.0110357
K,Q,true,8,0.213073,0.0110357
Q,A,true,2,0.661903,0.0126664
A,Q,true,2,0.661903,0.0126664
Q,A,true,3,0.482904,0.0131148
A,Q,true,3,0.482904,0.0131148
Q,A,true,4,0.384121,0.0180969
A,Q,true,4,0.384121,0.0180969
Q,A,true,5,0.344521,0.00890411
A,Q,true,5,0.344521,0.00890411
Q,A,true,6,0.316233,0.00995406
A,Q,true,6,0.316233,0.00995406
Q,A,true,7,0.256813,0.00660611
A,Q,true,7,0.256813,0.00660611
Q,A,true,8,0.217882,0.0121528
A,Q,true,8,0.217882,0.0121528
K,A,true,2,0.664776,0.0113422
A,K,true,2,0.664776,0.0113422
K,A,true,3,0.495608,0.0147943
A,K,true,3,0.495608,0.0147943
K,A,true,4,0.400794,0.0153061
A,K,true,4,0.400794,0.0153061
K,A,true,5,0.356952,0.0100267
A,K,true,5,0.356952,0.0100267
K,A,true,6,0.295004,0.0103093
A,K,true,6,0.295004,0.0103093
K,A,true,7,0.301205,0.0163511
A,K,true,7,0.301205,0.0163511
K,A,true,8,0.236199,0.00723982
A,K,true,8,0.236199,0.00723982
2,3,false,2,0.264382,0.0440113
3,2,false,2,0.264382,0.0440113
2,3,false,3,0.164562,0.0225794
3,2,false,3,0.164562,0.0225794
2,3,false,4,0.112452,0.0189573
3,2,false,4,0.112452,0.0189573
2,3,false,5,0.0946773,0.014602
3,2,false,5,0.0946773,0.014602
2,3,false,6,0.0732547,0.0093412
3,2,false,6,0.0732547,0.0093412
2,3,false,7,0.06182,0.0103858
3,2,false,7,0.06182,0.0103858
2,3,false,8,0.0555556,0.0115304
3,2,false,8,0.0555556,0.0115304
2,4,false,2,0.287884,0.0500808
4,2,false,2,0.287884,0.0500808
2,4,false,3,0.174181,0.0235067
4,2,false,3,0.174181,0.0235067
2,4,false,4,0.106771,0.0203993
4,2,false,4,0.106771,0.0203993
2,4,false,5,0.0943571,0.00971323
4,2,false,5,0.0943571,0.00971323
2,4,false,6,0.0848018,0.0104626
4,2,false,6,0.0848018,0.0104626
2,4,false,7,0.0611933,0.00866905
4,2,false,7,0.0611933,0.00866905
2,4,false,8,0.0547945,0.00876712
4,2,false,8,0.0547945,0.00876712
2,5,false,2,0.306097,0.052797
5,2,false,2,0.306097,0.052797
2,5,false,3,0.197811,0.0164191
5,2,false,3,0.197811,0.0164191
2,5,false,4,0.139257,0.0176835
5,2,false,4,0.139257,0.0176835
2,5,false,5,0.106046,0.012476
5,2,false,5,0.106046,0.012476
2,5,false,6,0.0821159,0.00856423
5,2,false,6,0.0821159,0.00856423
2,5,false,7,0.0725636,0.0105932
5,2,false,7,0.0725636,0.0105932
2,5,false,8,0.0608836,0.00969828
5,2,false,8,0.0608836,0.00969828
2,6,false,2,0.313323,0.0497592
6,2,false,2,0.313323,0.0497592
2,6,false,3,0.196872,0.0260626
6,2,false,3,0.196872,0.0260626
2,6,false,4,0.134103,0.0217584
6,2,false,4,0.134103,0.0217584
2,6,false,5,0.100435,0.01352
6,2,false,5,0.100435,0.01352
2,6,false,6,0.0918313,0.0133476
6,2,false,6,0.0918313,0.0133476
2,6,false,7,0.0785482,0.0108342
6,2,false,7,0.0785482,0.0108342
2,6,false,8,0.0613839,0.00837054
6,2,false,8,0.0613839,0.00837054
2,7,false,2,0.324959,0.0466558
7,2,false,2,0.324959,0.0466558
2,7,false,3,0.183959,0.0315243
7,2,false,3,0.183959,0.0315243
2,7,false,4,0.129605,0.0133156
7,2,false,4,0.129605,0.0133156
2,7,false,5,0.105,0.0135
7,2,false,5,0.105,0.0135
2,7,false,6,0.0743345,0.011552
7,2,false,6,0.0743345,0.011552
2,7,false,7,0.0578387,0.0101471
7,2,false,7,0.0578387,0.0101471
2,7,false,8,0.0568544,0.010627
7,2,false,8,0.0568544,0.010627
2,8,false,2,0.358627,0.0440806
8,2,false,2,0.358627,0.0440806
2,8,false,3,0.203484,0.0273159
8,2,false,3,0.203484,0.0273159
2,8,false,4,0.134108,0.0241395
8,2,false,4,0.134108,0.0241395
2,8,false,5,0.107023,0.0122631
8,2,false,5,0.107023,0.0122631
2,8,false,6,0.0902004,0.0122494
8,2,false,6,0.0902004,0.0122494
2,8,false,7,0.0759569,0.013756
8,2,false,7,0.0759569,0.013756
2,8,false,8,0.0523944,0.00732394
8,2,false,8,0.0523944,0.00732394
2,9,false,2,0.358594,0.0354724
9,2,false,2,0.358594,0.0354724
2,9,false,3,0.216842,0.0269474
9,2,false,3,0.216842,0.0269474
2,9,false,4,0.153162,0.0247036
9,2,false,4,0.153162,0.0247036
2,9,false,5,0.104843,0.0129805
9,2,false,5,0.104843,0.0129805
2,9,false,6,0.0835565,0.0107124
9,2,false,6,0.0835565,0.0107124
2,9,false,7,0.0761644,0.00986301
9,2,false,7,0.0761644,0.00986301
2,9,false,8,0.0538889,0.01
9,2,false,8,0.0538889,0.01
2,10,false,2,0.390521,0.0398104
10,2,false,2,0.390521,0.0398104
2,10,false,3,0.237158,0.0218322
10,2,false,3,0.237158,0.0218322
2,10,false,4,0.168506,0.0210632
10,2,false,4,0.168506,0.0210632
2,10,false,5,0.130254,0.017644
10,2,false,5,0.130254,0.017644
2,10,false,6,0.111295,0.0132231
10,2,false,6,0.111295,0.0132231
2,10,false,7,0.0815744,0.0142613
10,2,false,7,0.0815744,0.0142613
2,10,false,8,0.0637427,0.0157895
10,2,false,8,0.0637427,0.0157895
2,J,false,2,0.412341,0.0300359
J,2,false,2,0.412341,0.0300359
2,J,false,3,0.239631,0.0268119
J,2,false,3,0.239631,0.0268119
2,J,false,4,0.165192,0.0235988
J,2,false,4,0.165192,0.0235988
2,J,false,5,0.123489,0.0157646
J,2,false,5,0.123489,0.0157646
2,J,false,6,0.101105,0.0127072
J,2,false,6,0.101105,0.0127072
2,J,false,7,0.0919681,0.015328
J,2,false,7,0.0919681,0.015328
2,J,false,8,0.0693302,0.00881316
J,2,false,8,0.0693302,0.00881316
2,Q,false,2,0.453592,0.03274
Q,2,false,2,0.453592,0.03274
2,Q,false,3,0.260548,0.0326229
Q,2,false,3,0.260548,0.0326229
2,Q,false,4,0.196762,0.0171737
Q,2,false,4,0.196762,0.0171737
2,Q,false,5,0.14222,0.0172895
Q,2,false,5,0.14222,0.0172895
2,Q,false,6,0.108832,0.0119658
Q,2,false,6,0.108832,0.0119658
2,Q,false,7,0.0734497,0.0150512
Q,2,false,7,0.0734497,0.0150512
2,Q,false,8,0.0692063,0.0146032
Q,2,false,8,0.0692063,0.0146032
2,K,false,2,0.486846,0.0320127
K,2,false,2,0.486846,0.0320127
2,K,false,3,0.307457,0.0244222
K,2,false,3,0.307457,0.0244222
2,K,false,4,0.196661,0.0255608
K,2,false,4,0.196661,0.0255608
2,K,false,5,0.143251,0.0247934
K,2,false,5,0.143251,0.0247934
2,K,false,6,0.112536,0.0163265
K,2,false,6,0.112536,0.0163265
2,K,false,7,0.10698,0.0104371
K,2,false,7,0.10698,0.0104371
2,K,false,8,0.0925141,0.0148305
K,2,false,8,0.0925141,0.0148305
2,A,false,2,0.543291,0.0313946
A,2,false,2,0.543291,0.0313946
2,A,false,3,0.331563,0.0305445
A,2,false,3,0.331563,0.0305445
2,A,false,4,0.237113,0.0221649
A,2,false,4,0.237113,0.0221649
2,A,false,5,0.189686,0.0219324
A,2,false,5,0.189686,0.0219324
2,A,false,6,0.14604,0.0142327
A,2,false,6,0.14604,0.0142327
2,A,false,7,0.135786,0.0214047
A,2,false,7,0.135786,0.0214047
2,A,false,8,0.110098,0.0217391
A,2,false,8,0.110098,0.0217391
3,4,false,2,0.310137,0.0479822
4,3,false,2,0.310137,0.0479822
3,4,false,3,0.196832,0.0170297
4,3,false,3,0.196832,0.0170297
3,4,false,4,0.136814,0.0135013
4,3,false,4,0.136814,0.0135013
3,4,false,5,0.107843,0.0137255
4,3,false,5,0.107843,0.0137255
3,4,false,6,0.0776601,0.0115986
4,3,false,6,0.0776601,0.0115986
3,4,false,7,0.0706714,0.00908632
4,3,false,7,0.0706714,0.00908632
3,4,false,8,0.0752864,0.00763775
4,3,false,8,0.0752864,0.00763775
3,5,false,2,0.313652,0.0515464
5,3,false,2,0.313652,0.0515464
3,5,false,3,0.20935,0.0186992
5,3,false,3,0.20935,0.0186992
3,5,false,4,0.154851,0.0163246
5,3,false,4,0.154851,0.0163246
3,5,false,5,0.103432,0.0142993
5,3,false,5,0.103432,0.0142993
3,5,false,6,0.0915675,0.0113813
5,3,false,6,0.0915675,0.0113813
3,5,false,7,0.0753028,0.00895208
5,3,false,7,0.0753028,0.00895208
3,5,false,8,0.0699774,0.0107223
5,3,false,8,0.0699774,0.0107223
3,6,false,2,0.332268,0.0550231
6,3,false,2,0.332268,0.0550231
3,6,false,3,0.205721,0.0197728
6,3,false,3,0.205721,0.0197728
3,6,false,4,0.143875,0.0166192
6,3,false,4,0.143875,0.0166192
3,6,false,5,0.10443,0.021097
6,3,false,5,0.10443,0.021097
3,6,false,6,0.101087,0.0108696
6,3,false,6,0.101087,0.0108696
3,6,false,7,0.0764873,0.0124646
6,3,false,7,0.0764873,0.0124646
3,6,false,8,0.0628604,0.0109573
6,3,false,8,0.0628604,0.0109573
3,7,false,2,0.334809,0.0436295
7,3,false,2,0.334809,0.0436295
3,7,false,3,0.216162,0.0222222
7,3,false,3,0.216162,0.0222222
3,7,false,4,0.143311,0.0217687
7,3,false,4,0.143311,0.0217687
3,7,false,5,0.106137,0.0100604
7,3,false,5,0.106137,0.0100604
3,7,false,6,0.0805585,0.0123523
7,3,false,6,0.0805585,0.0123523
3,7,false,7,0.0807076,0.00939746
7,3,false,7,0.0807076,0.00939746
3,7,false,8,0.0642303,0.00996678
7,3,false,8,0.0642303,0.00996678
3,8,false,2,0.352498,0.042727
8,3,false,2,0.352498,0.042727
3,8,false,3,0.184064,0.0262948
8,3,false,3,0.184064,0.0262948
3,8,false,4,0.146685,0.0177112
8,3,false,4,0.146685,0.0177112
3,8,false,5,0.121891,0.0129353
8,3,false,5,0.121891,0.0129353
3,8,false,6,0.0874587,0.0154015
8,3,false,6,0.0874587,0.0154015
3,8,false,7,0.0689094,0.00759631
8,3,false,7,0.0689094,0.00759631
3,8,false,8,0.0652902,0.0122768
8,3,false,8,0.0652902,0.0122768
3,9,false,2,0.370465,0.0423756
9,3,false,2,0.370465,0.0423756
3,9,false,3,0.20409,0.0288693
9,3,false,3,0.20409,0.0288693
3,9,false,4,0.157624,0.0177736
9,3,false,4,0.157624,0.0177736
3,9,false,5,0.110821,0.0151594
9,3,false,5,0.110821,0.0151594
3,9,false,6,0.089926,0.0176437
9,3,false,6,0.089926,0.0176437
3,9,false,7,0.0825416,0.0118765
9,3,false,7,0.0825416,0.0118765
3,9,false,8,0.068746,0.01655
9,3,false,8,0.068746,0.01655
3,10,false,2,0.396634,0.0416005
10,3,false,2,0.396634,0.0416005
3,10,false,3,0.236629,0.0267423
10,3,false,3,0.236629,0.0267423
3,10,false,4,0.165317,0.0271558
10,3,false,4,0.165317,0.0271558
3,10,false,5,0.137433,0.0160428
10,3,false,5,0.137433,0.0160428
3,10,false,6,0.107563,0.0140056
10,3,false,6,0.107563,0.0140056
3,10,false,7,0.0800457,0.0154374
10,3,false,7,0.0800457,0.0154374
3,10,false,8,0.0672619,0.010119
10,3,false,8,0.0672619,0.010119
3,J,false,2,0.429163,0.0350207
J,3,false,2,0.429163,0.0350207
3,J,false,3,0.23652,0.0232843
J,3,false,3,0.23652,0.0232843
3,J,false,4,0.172529,0.0142586
J,3,false,4,0.172529,0.0142586
3,J,false,5,0.131308,0.0189908
J,3,false,5,0.131308,0.0189908
3,J,false,6,0.110086,0.015562
J,3,false,6,0.110086,0.015562
3,J,false,7,0.0755442,0.0224072
J,3,false,7,0.0755442,0.0224072
3,J,false,8,0.074969,0.0111524
J,3,false,8,0.074969,0.0111524
3,Q,false,2,0.467638,0.0346278
Q,3,false,2,0.467638,0.0346278
3,Q,false,3,0.274061,0.0267587
Q,3,false,3,0.274061,0.0267587
3,Q,false,4,0.197623,0.0227836
Q,3,false,4,0.197623,0.0227836
3,Q,false,5,0.132298,0.0192823
Q,3,false,5,0.132298,0.0192823
3,Q,false,6,0.116743,0.011959
Q,3,false,6,0.116743,0.011959
3,Q,false,7,0.0954382,0.00960384
Q,3,false,7,0.0954382,0.00960384
3,Q,false,8,0.0800769,0.0108905
Q,3,false,8,0.0800769,0.0108905
3,K,false,2,0.491313,0.0341055
K,3,false,2,0.491313,0.0341055
3,K,false,3,0.307961,0.0306212
K,3,false,3,0.307961,0.0306212
3,K,false,4,0.206191,0.0214678
K,3,false,4,0.206191,0.0214678
3,K,false,5,0.152162,0.0191571
K,3,false,5,0.152162,0.0191571
3,K,false,6,0.121573,0.0154946
K,3,false,6,0.121573,0.0154946
3,K,false,7,0.12508,0.0051053
K,3,false,7,0.12508,0.0051053
3,K,false,8,0.0750789,0.0132492
K,3,false,8,0.0750789,0.0132492
3,A,false,2,0.526048,0.0282719
A,3,false,2,0.526048,0.0282719
3,A,false,3,0.342947,0.0319964
A,3,false,3,0.342947,0.0319964
3,A,false,4,0.242616,0.0221519
A,3,false,4,0.242616,0.0221519
3,A,false,5,0.179941,0.0259587
A,3,false,5,0.179941,0.0259587
3,A,false,6,0.152618,0.0217114
A,3,false,6,0.152618,0.0217114
3,A,false,7,0.114094,0.0181208
A,3,false,7,0.114094,0.0181208
3,A,false,8,0.110443,0.014275
A,3,false,8,0.110443,0.014275
4,5,false,2,0.328363,0.0404241
5,4,false,2,0.328363,0.0404241
4,5,false,3,0.212442,0.0253915
5,4,false,3,0.212442,0.0253915
4,5,false,4,0.156443,0.022349
5,4,false,4,0.156443,0.022349
4,5,false,5,0.117104,0.0121477
5,4,false,5,0.117104,0.0121477
4,5,false,6,0.0928571,0.0158163
5,4,false,6,0.0928571,0.0158163
4,5,false,7,0.0888512,0.0147142
5,4,false,7,0.0888512,0.0147142
4,5,false,8,0.0702857,0.00685714
5,4,false,8,0.0702857,0.00685714
4,6,false,2,0.345973,0.0510812
6,4,false,2,0.345973,0.0510812
4,6,false,3,0.241704,0.0253994
6,4,false,3,0.241704,0.0253994
4,6,false,4,0.15998,0.0185557
6,4,false,4,0.15998,0.0185557
4,6,false,5,0.136902,0.013896
6,4,false,5,0.136902,0.013896
4,6,false,6,0.119048,0.0166113
6,4,false,6,0.119048,0.0166113
4,6,false,7,0.0942623,0.013466
6,4,false,7,0.0942623,0.013466
4,6,false,8,0.0918854,0.00835322
6,4,false,8,0.0918854,0.00835322
4,7,false,2,0.352223,0.0428929
7,4,false,2,0.352223,0.0428929
4,7,false,3,0.231693,0.0240096
7,4,false,3,0.231693,0.0240096
4,7,false,4,0.158998,0.014123
7,4,false,4,0.158998,0.014123
4,7,false,5,0.135996,0.0151668
7,4,false,5,0.135996,0.0151668
4,7,false,6,0.107561,0.015442
7,4,false,6,0.107561,0.015442
4,7,false,7,0.0811416,0.0128707
7,4,false,7,0.0811416,0.0128707
4,7,false,8,0.0809353,0.0107914
7,4,false,8,0.0809353,0.0107914
4,8,false,2,0.373598,0.0464595
8,4,false,2,0.373598,0.0464595
4,8,false,3,0.219852,0.0242002
8,4,false,3,0.219852,0.0242002
4,8,false,4,0.150805,0.0211494
8,4,false,4,0.150805,0.0211494
4,8,false,5,0.114065,0.0101498
8,4,false,5,0.114065,0.0101498
4,8,false,6,0.101442,0.0138815
8,4,false,6,0.101442,0.0138815
4,8,false,7,0.0795003,0.0107893
8,4,false,7,0.0795003,0.0107893
4,8,false,8,0.0738802,0.0122164
8,4,false,8,0.0738802,0.0122164
4,9,false,2,0.377673,0.0383648
9,4,false,2,0.377673,0.0383648
4,9,false,3,0.226813,0.0303541
9,4,false,3,0.226813,0.0303541
4,9,false,4,0.157197,0.0265152
9,4,false,4,0.157197,0.0265152
4,9,false,5,0.122137,0.0188295
9,4,false,5,0.122137,0.0188295
4,9,false,6,0.101796,0.0146979
9,4,false,6,0.101796,0.0146979
4,9,false,7,0.0699301,0.0107585
9,4,false,7,0.0699301,0.0107585
4,9,false,8,0.0655172,0.012069
9,4,false,8,0.0655172,0.012069
4,10,false,2,0.417126,0.0356795
10,4,false,2,0.417126,0.0356795
4,10,false,3,0.243289,0.022651
10,4,false,3,0.243289,0.022651
4,10,false,4,0.164351,0.0210829
10,4,false,4,0.164351,0.0210829
4,10,false,5,0.119895,0.0157068
10,4,false,5,0.119895,0.0157068
4,10,false,6,0.091922,0.0183844
10,4,false,6,0.091922,0.0183844
4,10,false,7,0.0856633,0.0196312
10,4,false,7,0.0856633,0.0196312
4,10,false,8,0.0580144,0.013756
10,4,false,8,0.0580144,0.013756
4,J,false,2,0.431046,0.0372033
J,4,false,2,0.431046,0.0372033
4,J,false,3,0.274194,0.0271647
J,4,false,3,0.274194,0.0271647
4,J,false,4,0.19563,0.0264228
J,4,false,4,0.19563,0.0264228
4,J,false,5,0.156571,0.0142857
J,4,false,5,0.156571,0.0142857
4,J,false,6,0.110397,0.0175234
J,4,false,6,0.110397,0.0175234
4,J,false,7,0.102079,0.0163831
J,4,false,7,0.102079,0.0163831
4,J,false,8,0.0903955,0.0125549
J,4,false,8,0.0903955,0.0125549
4,Q,false,2,0.473585,0.0339623
Q,4,false,2,0.473585,0.0339623
4,Q,false,3,0.293685,0.0233564
Q,4,false,3,0.293685,0.0233564
4,Q,false,4,0.20297,0.0163366
Q,4,false,4,0.20297,0.0163366
4,Q,false,5,0.14714,0.0227651
Q,4,false,5,0.14714,0.0227651
4,Q,false,6,0.116938,0.021097
Q,4,false,6,0.116938,0.021097
4,Q,false,7,0.105493,0.0118602
Q,4,false,7,0.105493,0.0118602
4,Q,false,8,0.0643348,0.0149906
Q,4,false,8,0.0643348,0.0149906
4,K,false,2,0.517154,0.0304956
K,4,false,2,0.517154,0.0304956
4,K,false,3,0.313478,0.0308696
K,4,false,3,0.313478,0.0308696
4,K,false,4,0.205263,0.0236842
K,4,false,4,0.205263,0.0236842
4,K,false,5,0.159674,0.0180653
K,4,false,5,0.159674,0.0180653
4,K,false,6,0.140975,0.0191041
K,4,false,6,0.140975,0.0191041
4,K,false,7,0.120871,0.0147576
K,4,false,7,0.120871,0.0147576
4,K,false,8,0.10088,0.014218
K,4,false,8,0.10088,0.014218
4,A,false,2,0.536066,0.0235145
A,4,false,2,0.536066,0.0235145
4,A,false,3,0.347768,0.034375
A,4,false,3,0.347768,0.034375
4,A,false,4,0.246392,0.0288616
A,4,false,4,0.246392,0.0288616
4,A,false,5,0.192124,0.0208831
A,4,false,5,0.192124,0.0208831
4,A,false,6,0.169661,0.0146374
A,4,false,6,0.169661,0.0146374
4,A,false,7,0.136885,0.0128119
A,4,false,7,0.136885,0.0128119
4,A,false,8,0.127941,0.0161765
A,4,false,8,0.127941,0.0161765
5,6,false,2,0.366314,0.0445085
6,5,false,2,0.366314,0.0445085
5,6,false,3,0.251171,0.0272456
6,5,false,3,0.251171,0.0272456
5,6,false,4,0.173578,0.0183221
6,5,false,4,0.173578,0.0183221
5,6,false,5,0.138182,0.0197403
6,5,false,5,0.138182,0.0197403
5,6,false,6,0.115837,0.0145495
6,5,false,6,0.115837,0.0145495
5,6,false,7,0.0943071,0.0126509
6,5,false,7,0.0943071,0.0126509
5,6,false,8,0.0806154,0.00861538
6,5,false,8,0.0806154,0.00861538
5,7,false,2,0.351677,0.0501465
7,5,false,2,0.351677,0.0501465
5,7,false,3,0.233292,0.0274703
7,5,false,3,0.233292,0.0274703
5,7,false,4,0.181905,0.0214286
7,5,false,4,0.181905,0.0214286
5,7,false,5,0.130435,0.0214834
7,5,false,5,0.130435,0.0214834
5,7,false,6,0.118141,0.0156775
7,5,false,6,0.118141,0.0156775
5,7,false,7,0.0897798,0.0101637
7,5,false,7,0.0897798,0.0101637
5,7,false,8,0.0895429,0.00688791
7,5,false,8,0.0895429,0.00688791
5,8,false,2,0.370833,0.050641
8,5,false,2,0.370833,0.050641
5,8,false,3,0.251892,0.0248108
8,5,false,3,0.251892,0.0248108
5,8,false,4,0.173647,0.0174118
8,5,false,4,0.173647,0.0174118
5,8,false,5,0.127616,0.0193977
8,5,false,5,0.127616,0.0193977
5,8,false,6,0.105292,0.0111421
8,5,false,6,0.105292,0.0111421
5,8,false,7,0.10295,0.0150659
8,5,false,7,0.10295,0.0150659
5,8,false,8,0.0614294,0.0147667
8,5,false,8,0.0614294,0.0147667
5,9,false,2,0.381583,0.0390953
9,5,false,2,0.381583,0.0390953
5,9,false,3,0.244215,0.0252066
9,5,false,3,0.244215,0.0252066
5,9,false,4,0.173933,0.0222635
9,5,false,4,0.173933,0.0222635
5,9,false,5,0.135149,0.0178104
9,5,false,5,0.135149,0.0178104
5,9,false,6,0.102709,0.0208804
9,5,false,6,0.102709,0.0208804
5,9,false,7,0.0817143,0.0102857
9,5,false,7,0.0817143,0.0102857
5,9,false,8,0.0842697,0.0118602
9,5,false,8,0.0842697,0.0118602
5,10,false,2,0.397186,0.0271826
10,5,false,2,0.397186,0.0271826
5,10,false,3,0.251849,0.0274032
10,5,false,3,0.251849,0.0274032
5,10,false,4,0.184408,0.0194903
10,5,false,4,0.184408,0.0194903
5,10,false,5,0.13961,0.0151515
10,5,false,5,0.13961,0.0151515
5,10,false,6,0.0973699,0.0167879
10,5,false,6,0.0973699,0.0167879
5,10,false,7,0.0855746,0.0134474
10,5,false,7,0.0855746,0.0134474
5,10,false,8,0.0738255,0.0140329
10,5,false,8,0.0738255,0.0140329
5,J,false,2,0.445074,0.0346239
J,5,false,2,0.445074,0.0346239
5,J,false,3,0.272339,0.0342027
J,5,false,3,0.272339,0.0342027
5,J,false,4,0.177165,0.0295276
J,5,false,4,0.177165,0.0295276
5,J,false,5,0.145553,0.0172507
J,5,false,5,0.145553,0.0172507
5,J,false,6,0.115674,0.0190862
J,5,false,6,0.115674,0.0190862
5,J,false,7,0.107972,0.0131827
J,5,false,7,0.107972,0.0131827
5,J,false,8,0.0858779,0.0114504
J,5,false,8,0.0858779,0.0114504
5,Q,false,2,0.479068,0.0314762
Q,5,false,2,0.479068,0.0314762
5,Q,false,3,0.28012,0.0305508
Q,5,false,3,0.28012,0.0305508
5,Q,false,4,0.210315,0.0205308
Q,5,false,4,0.210315,0.0205308
5,Q,false,5,0.168618,0.0163934
Q,5,false,5,0.168618,0.0163934
5,Q,false,6,0.137003,0.017737
Q,5,false,6,0.137003,0.017737
5,Q,false,7,0.122081,0.0106738
Q,5,false,7,0.122081,0.0106738
5,Q,false,8,0.0859016,0.0144262
Q,5,false,8,0.0859016,0.0144262
5,K,false,2,0.524968,0.0297695
K,5,false,2,0.524968,0.0297695
5,K,false,3,0.329312,0.0254692
K,5,false,3,0.329312,0.0254692
5,K,false,4,0.222038,0.0282392
K,5,false,4,0.222038,0.0282392
5,K,false,5,0.172136,0.0149683
K,5,false,5,0.172136,0.0149683
5,K,false,6,0.143205,0.0164534
K,5,false,6,0.143205,0.0164534
5,K,false,7,0.112,0.016
K,5,false,7,0.112,0.016
5,K,false,8,0.0906667,0.0133333
K,5,false,8,0.0906667,0.0133333
5,A,false,2,0.554306,0.0311697
A,5,false,2,0.554306,0.0311697
5,A,false,3,0.352833,0.0304007
A,5,false,3,0.352833,0.0304007
5,A,false,4,0.25013,0.0223609
A,5,false,4,0.25013,0.0223609
5,A,false,5,0.213188,0.0294494
A,5,false,5,0.213188,0.0294494
5,A,false,6,0.154545,0.0207792
A,5,false,6,0.154545,0.0207792
5,A,false,7,0.147321,0.014881
A,5,false,7,0.147321,0.014881
5,A,false,8,0.105302,0.017673
A,5,false,8,0.105302,0.017673
6,7,false,2,0.383048,0.0472339
7,6,false,2,0.383048,0.0472339
6,7,false,3,0.250655,0.028821
7,6,false,3,0.250655,0.028821
6,7,false,4,0.199311,0.0211614
7,6,false,4,0.199311,0.0211614
6,7,false,5,0.151118,0.0130933
7,6,false,5,0.151118,0.0130933
6,7,false,6,0.115064,0.0183435
7,6,false,6,0.115064,0.0183435
6,7,false,7,0.11084,0.0146163
7,6,false,7,0.11084,0.0146163
6,7,false,8,0.090566,0.0150943
7,6,false,8,0.090566,0.0150943
6,8,false,2,0.39852,0.042779
8,6,false,2,0.39852,0.042779
6,8,false,3,0.248838,0.0223912
8,6,false,3,0.248838,0.0223912
6,8,false,4,0.195134,0.0233577
8,6,false,4,0.195134,0.0233577
6,8,false,5,0.142709,0.0192008
8,6,false,5,0.142709,0.0192008
6,8,false,6,0.126533,0.0150502
8,6,false,6,0.126533,0.0150502
6,8,false,7,0.0889152,0.0124481
8,6,false,7,0.0889152,0.0124481
6,8,false,8,0.0935897,0.00897436
8,6,false,8,0.0935897,0.00897436
6,9,false,2,0.407819,0.0378258
9,6,false,2,0.407819,0.0378258
6,9,false,3,0.256315,0.026087
9,6,false,3,0.256315,0.026087
6,9,false,4,0.196266,0.0196266
9,6,false,4,0.196266,0.0196266
6,9,false,5,0.156053,0.0240964
9,6,false,5,0.156053,0.0240964
6,9,false,6,0.113267,0.020025
9,6,false,6,0.113267,0.020025
6,9,false,7,0.108947,0.0127815
9,6,false,7,0.108947,0.0127815
6,9,false,8,0.0977636,0.0115016
9,6,false,8,0.0977636,0.0115016
6,10,false,2,0.438231,0.0293839
10,6,false,2,0.438231,0.0293839
6,10,false,3,0.2687,0.0234016
10,6,false,3,0.2687,0.0234016
6,10,false,4,0.195062,0.0162963
10,6,false,4,0.195062,0.0162963
6,10,false,5,0.167774,0.0199336
10,6,false,5,0.167774,0.0199336
6,10,false,6,0.12873,0.0228204
10,6,false,6,0.12873,0.0228204
6,10,false,7,0.107567,0.0175109
10,6,false,7,0.107567,0.0175109
6,10,false,8,0.0742821,0.0187266
10,6,false,8,0.0742821,0.0187266
6,J,false,2,0.45538,0.0338608
J,6,false,2,0.45538,0.0338608
6,J,false,3,0.296183,0.0276437
J,6,false,3,0.296183,0.0276437
6,J,false,4,0.205089,0.0203562
J,6,false,4,0.205089,0.0203562
6,J,false,5,0.156076,0.0144928
J,6,false,5,0.156076,0.0144928
6,J,false,6,0.123596,0.0201064
J,6,false,6,0.123596,0.0201064
6,J,false,7,0.0835396,0.0148515
J,6,false,7,0.0835396,0.0148515
6,J,false,8,0.0848485,0.016835
J,6,false,8,0.0848485,0.016835
6,Q,false,2,0.491371,0.0316912
Q,6,false,2,0.491371,0.0316912
6,Q,false,3,0.33745,0.0207322
Q,6,false,3,0.33745,0.0207322
6,Q,false,4,0.201592,0.0206897
Q,6,false,4,0.201592,0.0206897
6,Q,false,5,0.150142,0.0181303
Q,6,false,5,0.150142,0.0181303
6,Q,false,6,0.109935,0.0146972
Q,6,false,6,0.109935,0.0146972
6,Q,false,7,0.103624,0.0190718
Q,6,false,7,0.103624,0.0190718
6,Q,false,8,0.0882159,0.0105332
Q,6,false,8,0.0882159,0.0105332
6,K,false,2,0.520118,0.030422
K,6,false,2,0.520118,0.030422
6,K,false,3,0.32654,0.0279132
K,6,false,3,0.32654,0.0279132
6,K,false,4,0.250838,0.0167598
K,6,false,4,0.250838,0.0167598
6,K,false,5,0.188782,0.026538
K,6,false,5,0.188782,0.026538
6,K,false,6,0.144168,0.0117955
K,6,false,6,0.144168,0.0117955
6,K,false,7,0.116011,0.0115332
K,6,false,7,0.116011,0.0115332
6,K,false,8,0.100427,0.0178063
K,6,false,8,0.100427,0.0178063
6,A,false,2,0.585391,0.031789
A,6,false,2,0.585391,0.031789
6,A,false,3,0.36614,0.027088
A,6,false,3,0.36614,0.027088
6,A,false,4,0.292183,0.0264151
A,6,false,4,0.292183,0.0264151
6,A,false,5,0.225865,0.0212508
A,6,false,5,0.225865,0.0212508
6,A,false,6,0.160052,0.0214704
A,6,false,6,0.160052,0.0214704
6,A,false,7,0.144293,0.0179469
A,6,false,7,0.144293,0.0179469
6,A,false,8,0.134273,0.018546
A,6,false,8,0.134273,0.018546
7,8,false,2,0.43024,0.0309343
8,7,false,2,0.43024,0.0309343
7,8,false,3,0.274518,0.0251467
8,7,false,3,0.274518,0.0251467
7,8,false,4,0.215043,0.0154291
8,7,false,4,0.215043,0.0154291
7,8,false,5,0.157135,0.0210994
8,7,false,5,0.157135,0.0210994
7,8,false,6,0.143795,0.0178998
8,7,false,6,0.143795,0.0178998
7,8,false,7,0.113868,0.0159033
8,7,false,7,0.113868,0.0159033
7,8,false,8,0.10299,0.0106312
8,7,false,8,0.10299,0.0106312
7,9,false,2,0.41442,0.0350404
9,7,false,2,0.41442,0.0350404
7,9,false,3,0.272197,0.0237599
9,7,false,3,0.272197,0.0237599
7,9,false,4,0.205027,0.0211927
9,7,false,4,0.205027,0.0211927
7,9,false,5,0.151945,0.0215563
9,7,false,5,0.151945,0.0215563
7,9,false,6,0.13493,0.0216121
9,7,false,6,0.13493,0.0216121
7,9,false,7,0.106562,0.0144491
9,7,false,7,0.106562,0.0144491
7,9,false,8,0.0919614,0.0109325
9,7,false,8,0.0919614,0.0109325
7,10,false,2,0.451857,0.0318764
10,7,false,2,0.451857,0.0318764
7,10,false,3,0.283761,0.0192308
10,7,false,3,0.283761,0.0192308
7,10,false,4,0.201515,0.0171717
10,7,false,4,0.201515,0.0171717
7,10,false,5,0.161308,0.0166297
10,7,false,5,0.161308,0.0166297
7,10,false,6,0.137195,0.0182927
10,7,false,6,0.137195,0.0182927
7,10,false,7,0.112934,0.0189274
10,7,false,7,0.112934,0.0189274
7,10,false,8,0.099866,0.0187668
10,7,false,8,0.099866,0.0187668
7,J,false,2,0.478624,0.0263861
J,7,false,2,0.478624,0.0263861
7,J,false,3,0.289688,0.0261018
J,7,false,3,0.289688,0.0261018
7,J,false,4,0.215716,0.014014
J,7,false,4,0.215716,0.014014
7,J,false,5,0.159911,0.0161022
J,7,false,5,0.159911,0.0161022
7,J,false,6,0.129785,0.0155502
J,7,false,6,0.129785,0.0155502
7,J,false,7,0.11514,0.0152672
J,7,false,7,0.11514,0.0152672
7,J,false,8,0.0971005,0.0168577
J,7,false,8,0.0971005,0.0168577
7,Q,false,2,0.494393,0.0317757
Q,7,false,2,0.494393,0.0317757
7,Q,false,3,0.309413,0.021106
Q,7,false,3,0.309413,0.021106
7,Q,false,4,0.229448,0.0197711
Q,7,false,4,0.229448,0.0197711
7,Q,false,5,0.175768,0.0153584
Q,7,false,5,0.175768,0.0153584
7,Q,false,6,0.143285,0.0167866
Q,7,false,6,0.143285,0.0167866
7,Q,false,7,0.127108,0.0155642
Q,7,false,7,0.127108,0.0155642
7,Q,false,8,0.105594,0.0111888
Q,7,false,8,0.105594,0.0111888
7,K,false,2,0.538584,0.0222293
K,7,false,2,0.538584,0.0222293
7,K,false,3,0.330474,0.0243792
K,7,false,3,0.330474,0.0243792
7,K,false,4,0.24118,0.0194839
K,7,false,4,0.24118,0.0194839
7,K,false,5,0.188668,0.0204439
K,7,false,5,0.188668,0.0204439
7,K,false,6,0.159582,0.0160279
K,7,false,6,0.159582,0.0160279
7,K,false,7,0.132343,0.0141796
K,7,false,7,0.132343,0.0141796
7,K,false,8,0.120147,0.0131868
K,7,false,8,0.120147,0.0131868
7,A,false,2,0.572377,0.0240202
A,7,false,2,0.572377,0.0240202
7,A,false,3,0.384061,0.0238631
A,7,false,3,0.384061,0.0238631
7,A,false,4,0.276308,0.0253236
A,7,false,4,0.276308,0.0253236
7,A,false,5,0.209846,0.0135385
A,7,false,5,0.209846,0.0135385
7,A,false,6,0.186294,0.00998004
A,7,false,6,0.186294,0.00998004
7,A,false,7,0.146893,0.0204802
A,7,false,7,0.146893,0.0204802
7,A,false,8,0.145695,0.0157285
A,7,false,8,0.145695,0.0157285
8,9,false,2,0.450495,0.0257426
9,8,false,2,0.450495,0.0257426
8,9,false,3,0.294719,0.0217206
9,8,false,3,0.294719,0.0217206
8,9,false,4,0.2187,0.0174326
9,8,false,4,0.2187,0.0174326
8,9,false,5,0.163562,0.0203725
9,8,false,5,0.163562,0.0203725
8,9,false,6,0.139701,0.0175439
9,8,false,6,0.139701,0.0175439
8,9,false,7,0.12069,0.0153257
9,8,false,7,0.12069,0.0153257
8,9,false,8,0.089601,0.0124264
9,8,false,8,0.089601,0.0124264
8,10,false,2,0.466688,0.0254735
10,8,false,2,0.466688,0.0254735
8,10,false,3,0.311521,0.0239631
10,8,false,3,0.311521,0.0239631
8,10,false,4,0.209808,0.0187058
10,8,false,4,0.209808,0.0187058
8,10,false,5,0.176018,0.0165017
10,8,false,5,0.176018,0.0165017
8,10,false,6,0.157436,0.0136901
10,8,false,6,0.157436,0.0136901
8,10,false,7,0.117686,0.0210388
10,8,false,7,0.117686,0.0210388
8,10,false,8,0.114618,0.0232558
10,8,false,8,0.114618,0.0232558
8,J,false,2,0.482848,0.0271845
J,8,false,2,0.482848,0.0271845
8,J,false,3,0.301749,0.0218659
J,8,false,3,0.301749,0.0218659
8,J,false,4,0.225674,0.0199297
J,8,false,4,0.225674,0.0199297
8,J,false,5,0.184542,0.018574
J,8,false,5,0.184542,0.018574
8,J,false,6,0.145679,0.012963
J,8,false,6,0.145679,0.012963
8,J,false,7,0.127995,0.0157426
J,8,false,7,0.127995,0.0157426
8,J,false,8,0.116984,0.0211416
J,8,false,8,0.116984,0.0211416
8,Q,false,2,0.520518,0.0252525
Q,8,false,2,0.520518,0.0252525
8,Q,false,3,0.331986,0.0211141
Q,8,false,3,0.331986,0.0211141
8,Q,false,4,0.248054,0.0145304
Q,8,false,4,0.248054,0.0145304
8,Q,false,5,0.17369,0.0153759
Q,8,false,5,0.17369,0.0153759
8,Q,false,6,0.155477,0.014841
Q,8,false,6,0.155477,0.014841
8,Q,false,7,0.131772,0.011713
Q,8,false,7,0.131772,0.011713
8,Q,false,8,0.113167,0.0149466
Q,8,false,8,0.113167,0.0149466
8,K,false,2,0.535623,0.0206743
K,8,false,2,0.535623,0.0206743
8,K,false,3,0.353631,0.0211998
K,8,false,3,0.353631,0.0211998
8,K,false,4,0.2657,0.0193237
K,8,false,4,0.2657,0.0193237
8,K,false,5,0.205036,0.0167866
K,8,false,5,0.205036,0.0167866
8,K,false,6,0.163197,0.0167898
K,8,false,6,0.163197,0.0167898
8,K,false,7,0.129966,0.0161616
K,8,false,7,0.129966,0.0161616
8,K,false,8,0.111111,0.00997151
K,8,false,8,0.111111,0.00997151
8,A,false,2,0.582889,0.0203063
A,8,false,2,0.582889,0.0203063
8,A,false,3,0.393789,0.0283528
A,8,false,3,0.393789,0.0283528
8,A,false,4,0.275179,0.0236654
A,8,false,4,0.275179,0.0236654
8,A,false,5,0.226345,0.0154607
A,8,false,5,0.226345,0.0154607
8,A,false,6,0.2,0.0170648
A,8,false,6,0.2,0.0170648
8,A,false,7,0.162572,0.0115607
A,8,false,7,0.162572,0.0115607
8,A,false,8,0.149461,0.0154083
A,8,false,8,0.149461,0.0154083
9,10,false,2,0.475686,0.0264963
10,9,false,2,0.475686,0.0264963
9,10,false,3,0.322552,0.0240385
10,9,false,3,0.322552,0.0240385
9,10,false,4,0.257522,0.0168281
10,9,false,4,0.257522,0.0168281
9,10,false,5,0.183362,0.0175439
10,9,false,5,0.183362,0.0175439
9,10,false,6,0.155067,0.01221
10,9,false,6,0.155067,0.01221
9,10,false,7,0.142484,0.00980392
10,9,false,7,0.142484,0.00980392
9,10,false,8,0.121383,0.0162315
10,9,false,8,0.121383,0.0162315
9,J,false,2,0.504274,0.0205761
J,9,false,2,0.504274,0.0205761
9,J,false,3,0.346499,0.0237882
J,9,false,3,0.346499,0.0237882
9,J,false,4,0.266002,0.0141658
J,9,false,4,0.266002,0.0141658
9,J,false,5,0.204204,0.0138138
J,9,false,5,0.204204,0.0138138
9,J,false,6,0.162414,0.0136901
J,9,false,6,0.162414,0.0136901
9,J,false,7,0.142565,0.0143247
J,9,false,7,0.142565,0.0143247
9,J,false,8,0.110335,0.0146648
J,9,false,8,0.110335,0.0146648
9,Q,false,2,0.530259,0.0195325
Q,9,false,2,0.530259,0.0195325
9,Q,false,3,0.356832,0.0174064
Q,9,false,3,0.356832,0.0174064
9,Q,false,4,0.265295,0.0152954
Q,9,false,4,0.265295,0.0152954
9,Q,false,5,0.214846,0.016898
Q,9,false,5,0.214846,0.016898
9,Q,false,6,0.159252,0.0135397
Q,9,false,6,0.159252,0.0135397
9,Q,false,7,0.131831,0.0191257
Q,9,false,7,0.131831,0.0191257
9,Q,false,8,0.13087,0.0192456
Q,9,false,8,0.13087,0.0192456
9,K,false,2,0.554054,0.0181279
K,9,false,2,0.554054,0.0181279
9,K,false,3,0.37312,0.0179524
K,9,false,3,0.37312,0.0179524
9,K,false,4,0.284409,0.0171331
K,9,false,4,0.284409,0.0171331
9,K,false,5,0.220099,0.0215783
K,9,false,5,0.220099,0.0215783
9,K,false,6,0.166452,0.0115681
K,9,false,6,0.166452,0.0115681
9,K,false,7,0.146893,0.0127119
K,9,false,7,0.146893,0.0127119
9,K,false,8,0.130961,0.010598
K,9,false,8,0.130961,0.010598
9,A,false,2,0.616988,0.0186296
A,9,false,2,0.616988,0.0186296
9,A,false,3,0.425797,0.012945
A,9,false,3,0.425797,0.012945
9,A,false,4,0.298119,0.0176991
A,9,false,4,0.298119,0.0176991
9,A,false,5,0.246497,0.022293
A,9,false,5,0.246497,0.022293
9,A,false,6,0.191661,0.0134499
A,9,false,6,0.191661,0.0134499
9,A,false,7,0.153343,0.00944767
A,9,false,7,0.153343,0.00944767
9,A,false,8,0.13162,0.0140187
A,9,false,8,0.13162,0.0140187
10,J,false,2,0.531111,0.0171429
J,10,false,2,0.531111,0.0171429
10,J,false,3,0.364788,0.0166011
J,10,false,3,0.364788,0.0166011
10,J,false,4,0.288264,0.0151433
J,10,false,4,0.288264,0.0151433
10,J,false,5,0.212478,0.0158917
J,10,false,5,0.212478,0.0158917
10,J,false,6,0.171905,0.0153945
J,10,false,6,0.171905,0.0153945
10,J,false,7,0.160589,0.013324
J,10,false,7,0.160589,0.013324
10,J,false,8,0.136561,0.0108382
J,10,false,8,0.136561,0.0108382
10,Q,false,2,0.538534,0.0195831
Q,10,false,2,0.538534,0.0195831
10,Q,false,3,0.365445,0.0171868
Q,10,false,3,0.365445,0.0171868
10,Q,false,4,0.286018,0.0180755
Q,10,false,4,0.286018,0.0180755
10,Q,false,5,0.231715,0.0172096
Q,10,false,5,0.231715,0.0172096
10,Q,false,6,0.192795,0.0113409
Q,10,false,6,0.192795,0.0113409
10,Q,false,7,0.189978,0.0172027
Q,10,false,7,0.189978,0.0172027
10,Q,false,8,0.140687,0.0175859
Q,10,false,8,0.140687,0.0175859
10,K,false,2,0.592853,0.0172304
K,10,false,2,0.592853,0.0172304
10,K,false,3,0.400272,0.0181324
K,10,false,3,0.400272,0.0181324
10,K,false,4,0.309091,0.0170455
K,10,false,4,0.309091,0.0170455
10,K,false,5,0.235183,0.0113493
K,10,false,5,0.235183,0.0113493
10,K,false,6,0.201375,0.0116838
K,10,false,6,0.201375,0.0116838
10,K,false,7,0.171192,0.00980392
K,10,false,7,0.171192,0.00980392
10,K,false,8,0.137091,0.0106626
K,10,false,8,0.137091,0.0106626
10,A,false,2,0.622157,0.017219
A,10,false,2,0.622157,0.017219
10,A,false,3,0.434965,0.013986
A,10,false,3,0.434965,0.013986
10,A,false,4,0.341601,0.0157835
A,10,false,4,0.341601,0.0157835
10,A,false,5,0.245183,0.020598
A,10,false,5,0.245183,0.020598
10,A,false,6,0.20963,0.00962963
A,10,false,6,0.20963,0.00962963
10,A,false,7,0.184848,0.00984848
A,10,false,7,0.184848,0.00984848
10,A,false,8,0.149766,0.00702028
A,10,false,8,0.149766,0.00702028
J,Q,false,2,0.565802,0.0159425
Q,J,false,2,0.565802,0.0159425
J,Q,false,3,0.38296,0.0166886
Q,J,false,3,0.38296,0.0166886
J,Q,false,4,0.285714,0.010543
Q,J,false,4,0.285714,0.010543
J,Q,false,5,0.245009,0.0187538
Q,J,false,5,0.245009,0.0187538
J,Q,false,6,0.190763,0.0207497
Q,J,false,6,0.190763,0.0207497
J,Q,false,7,0.175646,0.0110701
Q,J,false,7,0.175646,0.0110701
J,Q,false,8,0.1296,0.0072
Q,J,false,8,0.1296,0.0072
J,K,false,2,0.596448,0.0194986
K,J,false,2,0.596448,0.0194986
J,K,false,3,0.407678,0.0182815
K,J,false,3,0.407678,0.0182815
J,K,false,4,0.324596,0.0122699
K,J,false,4,0.324596,0.0122699
J,K,false,5,0.254047,0.013076
K,J,false,5,0.254047,0.013076
J,K,false,6,0.217301,0.017301
K,J,false,6,0.217301,0.017301
J,K,false,7,0.17617,0.00877193
K,J,false,7,0.17617,0.00877193
J,K,false,8,0.157604,0.0110323
K,J,false,8,0.157604,0.0110323
J,A,false,2,0.637622,0.0128971
A,J,false,2,0.637622,0.0128971
J,A,false,3,0.427122,0.0156827
A,J,false,3,0.427122,0.0156827
J,A,false,4,0.326038,0.016835
A,J,false,4,0.326038,0.016835
J,A,false,5,0.272011,0.0144547
A,J,false,5,0.272011,0.0144547
J,A,false,6,0.208158,0.0126582
A,J,false,6,0.208158,0.0126582
J,A,false,7,0.204319,0.0124585
A,J,false,7,0.204319,0.0124585
J,A,false,8,0.165557,0.0174709
A,J,false,8,0.165557,0.0174709
Q,K,false,2,0.593269,0.0153846
K,Q,false,2,0.593269,0.0153846
Q,K,false,3,0.424714,0.0132723
K,Q,false,3,0.424714,0.0132723
Q,K,false,4,0.312641,0.0208804
K,Q,false,4,0.312641,0.0208804
Q,K,false,5,0.259813,0.0105919
K,Q,false,5,0.259813,0.0105919
Q,K,false,6,0.237006,0.014553
K,Q,false,6,0.237006,0.014553
Q,K,false,7,0.198335,0.016654
K,Q,false,7,0.198335,0.016654
Q,K,false,8,0.157771,0.00941915
K,Q,false,8,0.157771,0.00941915
Q,A,false,2,0.619576,0.0139373
A,Q,false,2,0.619576,0.0139373
Q,A,false,3,0.454545,0.02
A,Q,false,3,0.454545,0.02
Q,A,false,4,0.356684,0.0140105
A,Q,false,4,0.356684,0.0140105
Q,A,false,5,0.283229,0.0187891
A,Q,false,5,0.283229,0.0187891
Q,A,false,6,0.278027,0.0104634
A,Q,false,6,0.278027,0.0104634
Q,A,false,7,0.212864,0.0107198
A,Q,false,7,0.212864,0.0107198
Q,A,false,8,0.170574,0.0185934
A,Q,false,8,0.170574,0.0185934
K,A,false,2,0.648985,0.0130976
A,K,false,2,0.648985,0.0130976
K,A,false,3,0.483256,0.0148837
A,K,false,3,0.483256,0.0148837
K,A,false,4,0.386297,0.0153574
A,K,false,4,0.386297,0.0153574
K,A,false,5,0.299733,0.018024
A,K,false,5,0.299733,0.018024
K,A,false,6,0.268526,0.0143426
A,K,false,6,0.268526,0.0143426
K,A,false,7,0.243154,0.0165975
A,K,false,7,0.243154,0.0165975
K,A,false,8,0.216466,0.012951
A,K,false,8,0.216466,0.012951
